﻿InvoiceNo,StockCode,Description,Quantity,InvoiceDate,UnitPrice,CustomerID,Country
536365,85123A,Bird Cage,1,01-12-2010 08:26,2.55,17850,United Kingdom
536365,71053,Pedigree Meat & Rice,15,01-12-2010 08:26,3.39,17850,United Kingdom
536365,84406B,Cat Bed,6,01-12-2010 08:26,2.75,17850,United Kingdom
536365,84029G,Dog Bed,12,01-12-2010 08:26,3.39,17850,United Kingdom
536365,84029E,Orijen Cat & Kitten Food,8,01-12-2010 08:26,3.39,17850,United Kingdom
536365,22752,Bird Cage,1,01-12-2010 08:26,7.65,17850,United Kingdom
536365,21730,Toya Bird Food,4,01-12-2010 08:26,4.25,17850,United Kingdom
536366,22633,Cat Belt,9,01-12-2010 08:28,1.85,17850,United Kingdom
536366,22632,Orijen Cat & Kitten Food,8,01-12-2010 08:28,1.85,17850,United Kingdom
536367,84879,Pedigree Meat & Rice,15,01-12-2010 08:34,1.69,13047,United Kingdom
536367,22745,Dog Bed,12,01-12-2010 08:34,2.1,13047,United Kingdom
536367,22748,Bird Cage,1,01-12-2010 08:34,2.1,13047,United Kingdom
536367,22749,Xtreme Aquatic Food,8,01-12-2010 08:34,3.75,13047,United Kingdom
536367,22310,Bird Cage,1,01-12-2010 08:34,1.65,13047,United Kingdom
536367,84969,Dog Bed,12,01-12-2010 08:34,4.25,13047,United Kingdom
536367,22623,Dog Belt,12,01-12-2010 08:34,4.95,13047,United Kingdom
536367,22622,Cat Belt,9,01-12-2010 08:34,9.95,13047,United Kingdom
536367,21754,Cat Belt,9,01-12-2010 08:34,5.95,13047,United Kingdom
536367,21755,Dog Bed,12,01-12-2010 08:34,5.95,13047,United Kingdom
536367,21777,Orijen Cat & Kitten Food,8,01-12-2010 08:34,7.95,13047,United Kingdom
536367,48187,Fish Tank,2,01-12-2010 08:34,7.95,13047,United Kingdom
536368,22960,Dog Belt,12,01-12-2010 08:34,4.25,13047,United Kingdom
536368,22913,Fish Tank,2,01-12-2010 08:34,4.95,13047,United Kingdom
536368,22912,Bird Cage,1,01-12-2010 08:34,4.95,13047,United Kingdom
536368,22914,Purepet Chew Bone,19,01-12-2010 08:34,4.95,13047,United Kingdom
536369,21756,Purepet Chew Bone,19,01-12-2010 08:35,5.95,13047,United Kingdom
536370,22728,Pedigree Meat & Rice,15,01-12-2010 08:45,3.75,12583,France
536370,22727,Pedigree Meat & Rice,15,01-12-2010 08:45,3.75,12583,France
536370,22726,Cat Belt,9,01-12-2010 08:45,3.75,12583,France
536370,21724,Dog Bed,12,01-12-2010 08:45,0.85,12583,France
536370,21883,Bird Cage,1,01-12-2010 08:45,0.65,12583,France
536370,10002,Pedigree Meat & Rice,15,01-12-2010 08:45,0.85,12583,France
536370,21791,Dog Bed,12,01-12-2010 08:45,1.25,12583,France
536370,21035,Pedigree Meat & Rice,15,01-12-2010 08:45,2.95,12583,France
536370,22326,Orijen Cat & Kitten Food,8,01-12-2010 08:45,2.95,12583,France
536370,22629,Toya Bird Food,4,01-12-2010 08:45,1.95,12583,France
536370,22659,Pedigree Meat & Rice,15,01-12-2010 08:45,1.95,12583,France
536370,22631,Orijen Cat & Kitten Food,8,01-12-2010 08:45,1.95,12583,France
536370,22661,Pedigree Meat & Rice,15,01-12-2010 08:45,0.85,12583,France
536370,21731,Cat Belt,9,01-12-2010 08:45,1.65,12583,France
536370,22900,Dog Belt,12,01-12-2010 08:45,2.95,12583,France
536370,21913,Bird Cage,1,01-12-2010 08:45,3.75,12583,France
536370,22540,Pedigree Meat & Rice,15,01-12-2010 08:45,0.42,12583,France
536370,22544,Fish Tank,2,01-12-2010 08:45,0.42,12583,France
536370,22492,Dog Belt,12,01-12-2010 08:45,0.65,12583,France
536370,POST,Cat Belt,9,01-12-2010 08:45,18,12583,France
536371,22086,Dog Belt,12,01-12-2010 09:00,2.55,13748,United Kingdom
536372,22632,Orijen Cat & Kitten Food,8,01-12-2010 09:01,1.85,17850,United Kingdom
536372,22633,Dog Belt,12,01-12-2010 09:01,1.85,17850,United Kingdom
536373,85123A,Fish Tank,2,01-12-2010 09:02,2.55,17850,United Kingdom
536373,71053,Toya Bird Food,4,01-12-2010 09:02,3.39,17850,United Kingdom
536373,84406B,Toya Bird Food,4,01-12-2010 09:02,2.75,17850,United Kingdom
536373,20679,Orijen Cat & Kitten Food,8,01-12-2010 09:02,4.95,17850,United Kingdom
536373,37370,Cat Belt,9,01-12-2010 09:02,1.06,17850,United Kingdom
536373,21871,Purepet Chew Bone,19,01-12-2010 09:02,1.06,17850,United Kingdom
536373,21071,Fish Tank,2,01-12-2010 09:02,1.06,17850,United Kingdom
536373,21068,Purepet Chew Bone,19,01-12-2010 09:02,1.06,17850,United Kingdom
536373,82483,Purepet Chew Bone,19,01-12-2010 09:02,4.95,17850,United Kingdom
536373,82486,Fish Tank,2,01-12-2010 09:02,6.95,17850,United Kingdom
536373,82482,Xtreme Aquatic Food,8,01-12-2010 09:02,2.1,17850,United Kingdom
536373,82494L,Pedigree Meat & Rice,15,01-12-2010 09:02,2.55,17850,United Kingdom
536373,84029G,Dog Bed,12,01-12-2010 09:02,3.39,17850,United Kingdom
536373,84029E,Xtreme Aquatic Food,8,01-12-2010 09:02,3.39,17850,United Kingdom
536373,22752,Fish Tank,2,01-12-2010 09:02,7.65,17850,United Kingdom
536373,21730,Xtreme Aquatic Food,8,01-12-2010 09:02,4.25,17850,United Kingdom
536374,21258,Purepet Chew Bone,19,01-12-2010 09:09,10.95,15100,United Kingdom
536375,85123A,Purepet Chew Bone,19,01-12-2010 09:32,2.55,17850,United Kingdom
536375,71053,Bird Cage,1,01-12-2010 09:32,3.39,17850,United Kingdom
536375,84406B,Purepet Chew Bone,19,01-12-2010 09:32,2.75,17850,United Kingdom
536375,20679,Dog Belt,12,01-12-2010 09:32,4.95,17850,United Kingdom
536375,37370,Purepet Chew Bone,19,01-12-2010 09:32,1.06,17850,United Kingdom
536375,21871,Pedigree Meat & Rice,15,01-12-2010 09:32,1.06,17850,United Kingdom
536375,21071,Purepet Chew Bone,19,01-12-2010 09:32,1.06,17850,United Kingdom
536375,21068,Pedigree Meat & Rice,15,01-12-2010 09:32,1.06,17850,United Kingdom
536375,82483,Xtreme Aquatic Food,8,01-12-2010 09:32,4.95,17850,United Kingdom
536375,82486,Dog Bed,12,01-12-2010 09:32,6.95,17850,United Kingdom
536375,82482,Dog Belt,12,01-12-2010 09:32,2.1,17850,United Kingdom
536375,82494L,Xtreme Aquatic Food,8,01-12-2010 09:32,2.55,17850,United Kingdom
536375,84029G,Cat Bed,6,01-12-2010 09:32,3.39,17850,United Kingdom
536375,84029E,Cat Bed,6,01-12-2010 09:32,3.39,17850,United Kingdom
536375,22752,Dog Bed,12,01-12-2010 09:32,7.65,17850,United Kingdom
536375,21730,Cat Bed,6,01-12-2010 09:32,4.25,17850,United Kingdom
536376,22114,Fish Tank,2,01-12-2010 09:32,3.45,15291,United Kingdom
536376,21733,Pedigree Meat & Rice,15,01-12-2010 09:32,2.55,15291,United Kingdom
536377,22632,Cat Belt,9,01-12-2010 09:34,1.85,17850,United Kingdom
536377,22633,Fish Tank,2,01-12-2010 09:34,1.85,17850,United Kingdom
536378,22386,Purepet Chew Bone,19,01-12-2010 09:37,1.95,14688,United Kingdom
536378,85099C,Cat Belt,9,01-12-2010 09:37,1.95,14688,United Kingdom
536378,21033,Cat Belt,9,01-12-2010 09:37,2.95,14688,United Kingdom
536378,20723,Dog Belt,12,01-12-2010 09:37,0.85,14688,United Kingdom
536378,84997B,Dog Bed,12,01-12-2010 09:37,3.75,14688,United Kingdom
536378,84997C,Orijen Cat & Kitten Food,8,01-12-2010 09:37,3.75,14688,United Kingdom
536378,21094,Toya Bird Food,4,01-12-2010 09:37,0.85,14688,United Kingdom
536378,20725,Purepet Chew Bone,19,01-12-2010 09:37,1.65,14688,United Kingdom
536378,21559,Cat Bed,6,01-12-2010 09:37,2.55,14688,United Kingdom
536378,22352,Purepet Chew Bone,19,01-12-2010 09:37,2.55,14688,United Kingdom
536378,21212,Fish Tank,2,01-12-2010 09:37,0.42,14688,United Kingdom
536378,21975,Bird Cage,1,01-12-2010 09:37,0.55,14688,United Kingdom
536378,21977,Dog Belt,12,01-12-2010 09:37,0.55,14688,United Kingdom
536378,84991,Cat Belt,9,01-12-2010 09:37,0.55,14688,United Kingdom
536378,84519A,Xtreme Aquatic Food,8,01-12-2010 09:37,2.95,14688,United Kingdom
536378,85183B,Xtreme Aquatic Food,8,01-12-2010 09:37,1.25,14688,United Kingdom
536378,85071B,Orijen Cat & Kitten Food,8,01-12-2010 09:37,0.38,14688,United Kingdom
536378,21931,Cat Bed,6,01-12-2010 09:37,1.95,14688,United Kingdom
536378,21929,Purepet Chew Bone,19,01-12-2010 09:37,1.95,14688,United Kingdom
536380,22961,Xtreme Aquatic Food,8,01-12-2010 09:41,1.45,17809,United Kingdom
536381,22139,Purepet Chew Bone,19,01-12-2010 09:41,4.25,15311,United Kingdom
536381,84854,Cat Bed,6,01-12-2010 09:41,4.95,15311,United Kingdom
536381,22411,Dog Bed,12,01-12-2010 09:41,1.95,15311,United Kingdom
536381,82567,Purepet Chew Bone,19,01-12-2010 09:41,2.1,15311,United Kingdom
536381,21672,Cat Belt,9,01-12-2010 09:41,1.25,15311,United Kingdom
536381,22774,Xtreme Aquatic Food,8,01-12-2010 09:41,1.25,15311,United Kingdom
536381,22771,Xtreme Aquatic Food,8,01-12-2010 09:41,1.25,15311,United Kingdom
536381,71270,Xtreme Aquatic Food,8,01-12-2010 09:41,1.25,15311,United Kingdom
536381,22262,Dog Bed,12,01-12-2010 09:41,0.85,15311,United Kingdom
536381,22637,Dog Bed,12,01-12-2010 09:41,2.55,15311,United Kingdom
536381,21934,Bird Cage,1,01-12-2010 09:41,1.65,15311,United Kingdom
536381,21169,Bird Cage,1,01-12-2010 09:41,1.69,15311,United Kingdom
536381,21166,Toya Bird Food,4,01-12-2010 09:41,1.95,15311,United Kingdom
536381,21175,Cat Bed,6,01-12-2010 09:41,2.1,15311,United Kingdom
536381,37444A,Pedigree Meat & Rice,15,01-12-2010 09:41,2.95,15311,United Kingdom
536381,37444C,Bird Cage,1,01-12-2010 09:41,2.95,15311,United Kingdom
536381,22086,Bird Cage,1,01-12-2010 09:41,2.95,15311,United Kingdom
536381,22083,Toya Bird Food,4,01-12-2010 09:41,2.95,15311,United Kingdom
536381,84971S,Cat Belt,9,01-12-2010 09:41,0.85,15311,United Kingdom
536381,71270,Dog Bed,12,01-12-2010 09:41,1.25,15311,United Kingdom
536381,47580,Bird Cage,1,01-12-2010 09:41,2.55,15311,United Kingdom
536381,22261,Bird Cage,1,01-12-2010 09:41,0.85,15311,United Kingdom
536381,84832,Cat Bed,6,01-12-2010 09:41,0.85,15311,United Kingdom
536381,22644,Fish Tank,2,01-12-2010 09:41,1.45,15311,United Kingdom
536381,21533,Cat Belt,9,01-12-2010 09:41,4.95,15311,United Kingdom
536381,21557,Cat Bed,6,01-12-2010 09:41,2.95,15311,United Kingdom
536381,15056BL,Dog Belt,12,01-12-2010 09:41,5.95,15311,United Kingdom
536381,15056N,Dog Bed,12,01-12-2010 09:41,5.95,15311,United Kingdom
536381,22646,Dog Belt,12,01-12-2010 09:41,1.45,15311,United Kingdom
536381,22176,Toya Bird Food,4,01-12-2010 09:41,2.95,15311,United Kingdom
536381,22438,Dog Belt,12,01-12-2010 09:41,1.95,15311,United Kingdom
536381,21731,Cat Belt,9,01-12-2010 09:41,1.65,15311,United Kingdom
536381,22778,Orijen Cat & Kitten Food,8,01-12-2010 09:41,3.95,15311,United Kingdom
536381,22719,Pedigree Meat & Rice,15,01-12-2010 09:41,1.06,15311,United Kingdom
536381,21523,Xtreme Aquatic Food,8,01-12-2010 09:41,6.75,15311,United Kingdom
C536379,D,Toya Bird Food,4,01-12-2010 09:41,27.5,14527,United Kingdom
536382,10002,Cat Belt,9,01-12-2010 09:45,0.85,16098,United Kingdom
536382,21912,Bird Cage,1,01-12-2010 09:45,3.75,16098,United Kingdom
536382,21832,Dog Bed,12,01-12-2010 09:45,1.65,16098,United Kingdom
536382,22411,Dog Belt,12,01-12-2010 09:45,1.95,16098,United Kingdom
536382,22379,Xtreme Aquatic Food,8,01-12-2010 09:45,2.1,16098,United Kingdom
536382,22381,Cat Bed,6,01-12-2010 09:45,1.85,16098,United Kingdom
536382,22798,Orijen Cat & Kitten Food,8,01-12-2010 09:45,2.95,16098,United Kingdom
536382,22726,Orijen Cat & Kitten Food,8,01-12-2010 09:45,3.75,16098,United Kingdom
536382,22926,Purepet Chew Bone,19,01-12-2010 09:45,5.95,16098,United Kingdom
536382,22839,Pedigree Meat & Rice,15,01-12-2010 09:45,14.95,16098,United Kingdom
536382,22838,Cat Bed,6,01-12-2010 09:45,14.95,16098,United Kingdom
536382,22783,Orijen Cat & Kitten Food,8,01-12-2010 09:45,16.95,16098,United Kingdom
C536383,35004C,Dog Bed,12,01-12-2010 09:49,4.65,15311,United Kingdom
536384,82484,Fish Tank,2,01-12-2010 09:53,6.45,18074,United Kingdom
536384,84755,Xtreme Aquatic Food,8,01-12-2010 09:53,0.65,18074,United Kingdom
536384,22464,Dog Bed,12,01-12-2010 09:53,1.65,18074,United Kingdom
536384,21324,Fish Tank,2,01-12-2010 09:53,2.95,18074,United Kingdom
536384,22457,Cat Belt,9,01-12-2010 09:53,2.95,18074,United Kingdom
536384,22469,Cat Bed,6,01-12-2010 09:53,1.45,18074,United Kingdom
536384,22470,Xtreme Aquatic Food,8,01-12-2010 09:53,2.55,18074,United Kingdom
536384,22224,Orijen Cat & Kitten Food,8,01-12-2010 09:53,2.95,18074,United Kingdom
536384,21340,Orijen Cat & Kitten Food,8,01-12-2010 09:53,12.75,18074,United Kingdom
536384,22189,Fish Tank,2,01-12-2010 09:53,3.95,18074,United Kingdom
536384,22427,Pedigree Meat & Rice,15,01-12-2010 09:53,5.95,18074,United Kingdom
536384,22428,Xtreme Aquatic Food,8,01-12-2010 09:53,6.95,18074,United Kingdom
536384,22424,Purepet Chew Bone,19,01-12-2010 09:53,10.95,18074,United Kingdom
536385,22783,Dog Bed,12,01-12-2010 09:56,19.95,17420,United Kingdom
536385,22961,Cat Belt,9,01-12-2010 09:56,1.45,17420,United Kingdom
536385,22960,Cat Belt,9,01-12-2010 09:56,4.25,17420,United Kingdom
536385,22663,Toya Bird Food,4,01-12-2010 09:56,1.95,17420,United Kingdom
536385,85049A,Purepet Chew Bone,19,01-12-2010 09:56,1.25,17420,United Kingdom
536385,22168,Orijen Cat & Kitten Food,8,01-12-2010 09:56,8.5,17420,United Kingdom
536385,22662,Xtreme Aquatic Food,8,01-12-2010 09:56,1.65,17420,United Kingdom
536386,84880,Dog Belt,12,01-12-2010 09:57,4.95,16029,United Kingdom
536386,85099C,Dog Belt,12,01-12-2010 09:57,1.65,16029,United Kingdom
536386,85099B,Purepet Chew Bone,19,01-12-2010 09:57,1.65,16029,United Kingdom
536387,79321,Pedigree Meat & Rice,15,01-12-2010 09:58,3.82,16029,United Kingdom
536387,22780,Cat Bed,6,01-12-2010 09:58,3.37,16029,United Kingdom
536387,22779,Pedigree Meat & Rice,15,01-12-2010 09:58,3.37,16029,United Kingdom
536387,22466,Pedigree Meat & Rice,15,01-12-2010 09:58,1.45,16029,United Kingdom
536387,21731,Dog Bed,12,01-12-2010 09:58,1.25,16029,United Kingdom
536388,21754,Orijen Cat & Kitten Food,8,01-12-2010 09:59,5.95,16250,United Kingdom
536388,21755,Fish Tank,2,01-12-2010 09:59,5.95,16250,United Kingdom
536388,21523,Purepet Chew Bone,19,01-12-2010 09:59,7.95,16250,United Kingdom
536388,21363,Toya Bird Food,4,01-12-2010 09:59,4.95,16250,United Kingdom
536388,21411,Dog Belt,12,01-12-2010 09:59,4.25,16250,United Kingdom
536388,22318,Cat Bed,6,01-12-2010 09:59,2.95,16250,United Kingdom
536388,22464,Cat Bed,6,01-12-2010 09:59,1.65,16250,United Kingdom
536388,22915,Purepet Chew Bone,19,01-12-2010 09:59,0.42,16250,United Kingdom
536388,22922,Dog Belt,12,01-12-2010 09:59,0.85,16250,United Kingdom
536388,22969,Dog Bed,12,01-12-2010 09:59,1.45,16250,United Kingdom
536388,22923,Dog Bed,12,01-12-2010 09:59,0.85,16250,United Kingdom
536388,21115,Xtreme Aquatic Food,8,01-12-2010 09:59,6.75,16250,United Kingdom
536388,22469,Dog Belt,12,01-12-2010 09:59,1.65,16250,United Kingdom
536388,22242,Bird Cage,1,01-12-2010 09:59,1.65,16250,United Kingdom
536389,22941,Purepet Chew Bone,19,01-12-2010 10:03,8.5,12431,Australia
536389,21622,Dog Belt,12,01-12-2010 10:03,4.95,12431,Australia
536389,21791,Purepet Chew Bone,19,01-12-2010 10:03,1.25,12431,Australia
536389,35004C,Purepet Chew Bone,19,01-12-2010 10:03,5.45,12431,Australia
536389,35004G,Purepet Chew Bone,19,01-12-2010 10:03,6.35,12431,Australia
536389,85014B,Toya Bird Food,4,01-12-2010 10:03,5.95,12431,Australia
536389,85014A,Toya Bird Food,4,01-12-2010 10:03,5.95,12431,Australia
536389,22193,Fish Tank,2,01-12-2010 10:03,8.5,12431,Australia
536389,22726,Pedigree Meat & Rice,15,01-12-2010 10:03,3.75,12431,Australia
536389,22727,Bird Cage,1,01-12-2010 10:03,3.75,12431,Australia
536389,22192,Bird Cage,1,01-12-2010 10:03,8.5,12431,Australia
536389,22191,Cat Bed,6,01-12-2010 10:03,8.5,12431,Australia
536389,22195,Toya Bird Food,4,01-12-2010 10:03,1.65,12431,Australia
536389,22196,Cat Belt,9,01-12-2010 10:03,0.85,12431,Australia
536390,22941,Cat Belt,9,01-12-2010 10:19,8.5,17511,United Kingdom
536390,22960,Cat Bed,6,01-12-2010 10:19,3.75,17511,United Kingdom
536390,22961,Fish Tank,2,01-12-2010 10:19,1.45,17511,United Kingdom
536390,22962,Fish Tank,2,01-12-2010 10:19,0.72,17511,United Kingdom
536390,22963,Orijen Cat & Kitten Food,8,01-12-2010 10:19,0.72,17511,United Kingdom
536390,22968,Bird Cage,1,01-12-2010 10:19,8.5,17511,United Kingdom
536390,84970S,Pedigree Meat & Rice,15,01-12-2010 10:19,0.64,17511,United Kingdom
536390,22910,Cat Belt,9,01-12-2010 10:19,2.55,17511,United Kingdom
536390,20668,Fish Tank,2,01-12-2010 10:19,0.1,17511,United Kingdom
536390,85123A,Pedigree Meat & Rice,15,01-12-2010 10:19,2.55,17511,United Kingdom
536390,22197,Cat Bed,6,01-12-2010 10:19,0.72,17511,United Kingdom
536390,22198,Orijen Cat & Kitten Food,8,01-12-2010 10:19,1.45,17511,United Kingdom
536390,21533,Purepet Chew Bone,19,01-12-2010 10:19,4.25,17511,United Kingdom
536390,21080,Fish Tank,2,01-12-2010 10:19,0.64,17511,United Kingdom
536390,21094,Dog Belt,12,01-12-2010 10:19,0.64,17511,United Kingdom
536390,21086,Toya Bird Food,4,01-12-2010 10:19,0.65,17511,United Kingdom
536390,21786,Bird Cage,1,01-12-2010 10:19,0.32,17511,United Kingdom
536390,22654,Fish Tank,2,01-12-2010 10:19,4.95,17511,United Kingdom
536390,21485,Dog Belt,12,01-12-2010 10:19,4.25,17511,United Kingdom
536390,84029G,Purepet Chew Bone,19,01-12-2010 10:19,3.39,17511,United Kingdom
536390,84030E,Pedigree Meat & Rice,15,01-12-2010 10:19,3.75,17511,United Kingdom
536390,22174,Orijen Cat & Kitten Food,8,01-12-2010 10:19,1.48,17511,United Kingdom
536390,22969,Xtreme Aquatic Food,8,01-12-2010 10:19,1.25,17511,United Kingdom
536390,85099B,Dog Belt,12,01-12-2010 10:19,1.65,17511,United Kingdom
C536391,22556,Xtreme Aquatic Food,8,01-12-2010 10:24,1.65,17548,United Kingdom
C536391,21984,Toya Bird Food,4,01-12-2010 10:24,0.29,17548,United Kingdom
C536391,21983,Bird Cage,1,01-12-2010 10:24,0.29,17548,United Kingdom
C536391,21980,Xtreme Aquatic Food,8,01-12-2010 10:24,0.29,17548,United Kingdom
C536391,21484,Cat Belt,9,01-12-2010 10:24,3.45,17548,United Kingdom
C536391,22557,Orijen Cat & Kitten Food,8,01-12-2010 10:24,1.65,17548,United Kingdom
C536391,22553,Fish Tank,2,01-12-2010 10:24,1.65,17548,United Kingdom
536392,22150,Pedigree Meat & Rice,15,01-12-2010 10:29,1.95,13705,United Kingdom
536392,22619,Cat Belt,9,01-12-2010 10:29,3.75,13705,United Kingdom
536392,21891,Cat Bed,6,01-12-2010 10:29,1.25,13705,United Kingdom
536392,21889,Orijen Cat & Kitten Food,8,01-12-2010 10:29,1.25,13705,United Kingdom
536392,22827,Dog Bed,12,01-12-2010 10:29,165,13705,United Kingdom
536392,22127,Dog Bed,12,01-12-2010 10:29,1.25,13705,United Kingdom
536392,22128,Dog Belt,12,01-12-2010 10:29,1.25,13705,United Kingdom
536392,22502,Xtreme Aquatic Food,8,01-12-2010 10:29,5.95,13705,United Kingdom
536392,84879,Orijen Cat & Kitten Food,8,01-12-2010 10:29,1.69,13705,United Kingdom
536392,22338,Bird Cage,1,01-12-2010 10:29,0.65,13705,United Kingdom
536393,22180,Dog Bed,12,01-12-2010 10:37,9.95,13747,United Kingdom
536394,21506,Cat Bed,6,01-12-2010 10:39,0.42,13408,United Kingdom
536394,22633,Toya Bird Food,4,01-12-2010 10:39,1.85,13408,United Kingdom
536394,22866,Orijen Cat & Kitten Food,8,01-12-2010 10:39,1.85,13408,United Kingdom
536394,22865,Cat Bed,6,01-12-2010 10:39,1.85,13408,United Kingdom
536394,22632,Dog Bed,12,01-12-2010 10:39,1.85,13408,United Kingdom
536394,21485,Bird Cage,1,01-12-2010 10:39,4.95,13408,United Kingdom
536394,22349,Fish Tank,2,01-12-2010 10:39,3.75,13408,United Kingdom
536394,22558,Dog Belt,12,01-12-2010 10:39,1.25,13408,United Kingdom
536394,85152,Toya Bird Food,4,01-12-2010 10:39,2.1,13408,United Kingdom
536394,85123A,Fish Tank,2,01-12-2010 10:39,2.55,13408,United Kingdom
536394,22652,Dog Belt,12,01-12-2010 10:39,1.65,13408,United Kingdom
536395,22188,Cat Belt,9,01-12-2010 10:47,3.95,13767,United Kingdom
536395,84879,Dog Belt,12,01-12-2010 10:47,1.69,13767,United Kingdom
536395,21977,Purepet Chew Bone,19,01-12-2010 10:47,0.55,13767,United Kingdom
536395,84991,Bird Cage,1,01-12-2010 10:47,0.55,13767,United Kingdom
536395,21212,Xtreme Aquatic Food,8,01-12-2010 10:47,0.55,13767,United Kingdom
536395,21484,Pedigree Meat & Rice,15,01-12-2010 10:47,3.45,13767,United Kingdom
536395,21314,Fish Tank,2,01-12-2010 10:47,2.1,13767,United Kingdom
536395,22730,Dog Belt,12,01-12-2010 10:47,3.75,13767,United Kingdom
536395,22727,Pedigree Meat & Rice,15,01-12-2010 10:47,3.75,13767,United Kingdom
536395,22729,Purepet Chew Bone,19,01-12-2010 10:47,3.75,13767,United Kingdom
536395,22726,Cat Bed,6,01-12-2010 10:47,3.75,13767,United Kingdom
536395,22114,Xtreme Aquatic Food,8,01-12-2010 10:47,3.95,13767,United Kingdom
536395,22867,Dog Bed,12,01-12-2010 10:47,2.1,13767,United Kingdom
536395,22866,Bird Cage,1,01-12-2010 10:47,2.1,13767,United Kingdom
536396,85123A,Fish Tank,2,01-12-2010 10:51,2.55,17850,United Kingdom
536396,71053,Dog Belt,12,01-12-2010 10:51,3.39,17850,United Kingdom
536396,84406B,Bird Cage,1,01-12-2010 10:51,2.75,17850,United Kingdom
536396,15056BL,Purepet Chew Bone,19,01-12-2010 10:51,4.95,17850,United Kingdom
536396,20679,Orijen Cat & Kitten Food,8,01-12-2010 10:51,4.95,17850,United Kingdom
536396,37370,Toya Bird Food,4,01-12-2010 10:51,1.06,17850,United Kingdom
536396,21871,Toya Bird Food,4,01-12-2010 10:51,1.06,17850,United Kingdom
536396,21071,Cat Bed,6,01-12-2010 10:51,1.06,17850,United Kingdom
536396,21068,Cat Bed,6,01-12-2010 10:51,1.06,17850,United Kingdom
536396,82483,Bird Cage,1,01-12-2010 10:51,4.95,17850,United Kingdom
536396,82486,Cat Bed,6,01-12-2010 10:51,6.95,17850,United Kingdom
536396,82482,Xtreme Aquatic Food,8,01-12-2010 10:51,2.1,17850,United Kingdom
536396,82494L,Bird Cage,1,01-12-2010 10:51,2.55,17850,United Kingdom
536396,84029G,Xtreme Aquatic Food,8,01-12-2010 10:51,3.39,17850,United Kingdom
536396,84029E,Dog Belt,12,01-12-2010 10:51,3.39,17850,United Kingdom
536396,22752,Dog Belt,12,01-12-2010 10:51,7.65,17850,United Kingdom
536396,22803,Bird Cage,1,01-12-2010 10:51,35.75,17850,United Kingdom
536396,21730,Purepet Chew Bone,19,01-12-2010 10:51,4.25,17850,United Kingdom
536397,35004B,Toya Bird Food,4,01-12-2010 10:51,4.65,17924,United Kingdom
536397,35004C,Purepet Chew Bone,19,01-12-2010 10:51,4.65,17924,United Kingdom
536398,21980,Purepet Chew Bone,19,01-12-2010 10:52,0.29,13448,United Kingdom
536398,21844,Dog Belt,12,01-12-2010 10:52,2.95,13448,United Kingdom
536398,22468,Dog Bed,12,01-12-2010 10:52,6.75,13448,United Kingdom
536398,22637,Toya Bird Food,4,01-12-2010 10:52,2.55,13448,United Kingdom
536398,22752,Fish Tank,2,01-12-2010 10:52,8.5,13448,United Kingdom
536398,48185,Purepet Chew Bone,19,01-12-2010 10:52,7.95,13448,United Kingdom
536398,22632,Cat Belt,9,01-12-2010 10:52,2.1,13448,United Kingdom
536398,22866,Purepet Chew Bone,19,01-12-2010 10:52,2.1,13448,United Kingdom
536398,22865,Pedigree Meat & Rice,15,01-12-2010 10:52,2.1,13448,United Kingdom
536398,21232,Cat Bed,6,01-12-2010 10:52,1.25,13448,United Kingdom
536398,22064,Pedigree Meat & Rice,15,01-12-2010 10:52,1.65,13448,United Kingdom
536398,22449,Fish Tank,2,01-12-2010 10:52,3.35,13448,United Kingdom
536398,22114,Purepet Chew Bone,19,01-12-2010 10:52,3.95,13448,United Kingdom
536398,22835,Xtreme Aquatic Food,8,01-12-2010 10:52,4.65,13448,United Kingdom
536398,2212,Pedigree Meat & Rice,15,01-12-2010 10:52,4.95,13448,United Kingdom
536398,21479,Xtreme Aquatic Food,8,01-12-2010 10:52,3.75,13448,United Kingdom
536398,22111,Fish Tank,2,01-12-2010 10:52,4.95,13448,United Kingdom
536399,22632,Bird Cage,1,01-12-2010 10:52,1.85,17850,United Kingdom
536399,22633,Fish Tank,2,01-12-2010 10:52,1.85,17850,United Kingdom
536400,22969,Pedigree Meat & Rice,15,01-12-2010 10:53,1.45,13448,United Kingdom
536401,22110,Cat Belt,9,01-12-2010 11:21,2.55,15862,United Kingdom
536401,22098,Xtreme Aquatic Food,8,01-12-2010 11:21,1.25,15862,United Kingdom
536401,22100,Bird Cage,1,01-12-2010 11:21,1.25,15862,United Kingdom
536401,22766,Dog Belt,12,01-12-2010 11:21,2.95,15862,United Kingdom
536401,22451,Dog Bed,12,01-12-2010 11:21,3.35,15862,United Kingdom
536401,22549,Pedigree Meat & Rice,15,01-12-2010 11:21,1.45,15862,United Kingdom
536401,84744,Purepet Chew Bone,19,01-12-2010 11:21,1.25,15862,United Kingdom
536401,85049E,Cat Bed,6,01-12-2010 11:21,1.25,15862,United Kingdom
536401,21328,Pedigree Meat & Rice,15,01-12-2010 11:21,1.65,15862,United Kingdom
536401,22961,Bird Cage,1,01-12-2010 11:21,1.45,15862,United Kingdom
536401,17091A,Bird Cage,1,01-12-2010 11:21,1.25,15862,United Kingdom
536401,22473,Purepet Chew Bone,19,01-12-2010 11:21,4.95,15862,United Kingdom
536401,84509A,Cat Bed,6,01-12-2010 11:21,3.75,15862,United Kingdom
536401,84510A,Purepet Chew Bone,19,01-12-2010 11:21,1.25,15862,United Kingdom
536401,22767,Purepet Chew Bone,19,01-12-2010 11:21,9.95,15862,United Kingdom
536401,22768,Dog Belt,12,01-12-2010 11:21,9.95,15862,United Kingdom
536401,21463,Toya Bird Food,4,01-12-2010 11:21,5.95,15862,United Kingdom
536401,21464,Xtreme Aquatic Food,8,01-12-2010 11:21,4.25,15862,United Kingdom
536401,20820,Toya Bird Food,4,01-12-2010 11:21,4.95,15862,United Kingdom
536401,85150,Xtreme Aquatic Food,8,01-12-2010 11:21,2.55,15862,United Kingdom
536401,22117,Pedigree Meat & Rice,15,01-12-2010 11:21,2.95,15862,United Kingdom
536401,21169,Orijen Cat & Kitten Food,8,01-12-2010 11:21,1.69,15862,United Kingdom
536401,48129,Cat Bed,6,01-12-2010 11:21,7.95,15862,United Kingdom
536401,82580,Purepet Chew Bone,19,01-12-2010 11:21,0.55,15862,United Kingdom
536401,82578,Cat Belt,9,01-12-2010 11:21,0.55,15862,United Kingdom
536401,82581,Cat Bed,6,01-12-2010 11:21,0.55,15862,United Kingdom
536401,22413,Cat Belt,9,01-12-2010 11:21,2.95,15862,United Kingdom
536401,21907,Dog Bed,12,01-12-2010 11:21,2.1,15862,United Kingdom
536401,22441,Bird Cage,1,01-12-2010 11:21,2.1,15862,United Kingdom
536401,2122,Purepet Chew Bone,19,01-12-2010 11:21,1.25,15862,United Kingdom
536401,22851,Purepet Chew Bone,19,01-12-2010 11:21,0.85,15862,United Kingdom
536401,84991,Fish Tank,2,01-12-2010 11:21,0.55,15862,United Kingdom
536401,22810,Dog Belt,12,01-12-2010 11:21,2.95,15862,United Kingdom
536401,22809,Orijen Cat & Kitten Food,8,01-12-2010 11:21,2.95,15862,United Kingdom
536401,22435,Purepet Chew Bone,19,01-12-2010 11:21,1.25,15862,United Kingdom
536401,20966,Orijen Cat & Kitten Food,8,01-12-2010 11:21,1.25,15862,United Kingdom
536401,20963,Xtreme Aquatic Food,8,01-12-2010 11:21,1.25,15862,United Kingdom
536401,20961,Cat Bed,6,01-12-2010 11:21,1.25,15862,United Kingdom
536401,22068,Dog Belt,12,01-12-2010 11:21,1.65,15862,United Kingdom
536401,21743,Purepet Chew Bone,19,01-12-2010 11:21,2.95,15862,United Kingdom
536401,21744,Fish Tank,2,01-12-2010 11:21,2.95,15862,United Kingdom
536401,84709B,Pedigree Meat & Rice,15,01-12-2010 11:21,5.95,15862,United Kingdom
536401,21592,Pedigree Meat & Rice,15,01-12-2010 11:21,1.25,15862,United Kingdom
536401,21587,Fish Tank,2,01-12-2010 11:21,2.55,15862,United Kingdom
536401,20992,Orijen Cat & Kitten Food,8,01-12-2010 11:21,0.85,15862,United Kingdom
536401,22662,Bird Cage,1,01-12-2010 11:21,1.65,15862,United Kingdom
536401,85123A,Dog Belt,12,01-12-2010 11:21,2.95,15862,United Kingdom
536401,22804,Purepet Chew Bone,19,01-12-2010 11:21,2.95,15862,United Kingdom
536401,82483,Cat Bed,6,01-12-2010 11:21,5.95,15862,United Kingdom
536401,20749,Cat Bed,6,01-12-2010 11:21,7.95,15862,United Kingdom
536401,20725,Cat Bed,6,01-12-2010 11:21,1.65,15862,United Kingdom
536401,22382,Fish Tank,2,01-12-2010 11:21,1.65,15862,United Kingdom
536401,20726,Dog Bed,12,01-12-2010 11:21,1.65,15862,United Kingdom
536401,22384,Fish Tank,2,01-12-2010 11:21,1.65,15862,United Kingdom
536401,22467,Fish Tank,2,01-12-2010 11:21,2.55,15862,United Kingdom
536401,84625C,Pedigree Meat & Rice,15,01-12-2010 11:21,2.95,15862,United Kingdom
536401,84625A,Cat Belt,9,01-12-2010 11:21,2.95,15862,United Kingdom
536401,21108,Purepet Chew Bone,19,01-12-2010 11:21,2.55,15862,United Kingdom
536401,22848,Dog Belt,12,01-12-2010 11:21,16.95,15862,United Kingdom
536401,21033,Purepet Chew Bone,19,01-12-2010 11:21,2.95,15862,United Kingdom
536401,47570B,Cat Bed,6,01-12-2010 11:21,10.65,15862,United Kingdom
536401,84030E,Bird Cage,1,01-12-2010 11:21,4.25,15862,United Kingdom
536401,22428,Dog Belt,12,01-12-2010 11:21,6.95,15862,United Kingdom
536401,22502,Purepet Chew Bone,19,01-12-2010 11:21,5.95,15862,United Kingdom
536402,22086,Fish Tank,2,01-12-2010 11:22,2.55,15513,United Kingdom
536402,22910,Orijen Cat & Kitten Food,8,01-12-2010 11:22,2.55,15513,United Kingdom
536402,22837,Orijen Cat & Kitten Food,8,01-12-2010 11:22,4.25,15513,United Kingdom
536403,22867,Dog Belt,12,01-12-2010 11:27,1.85,12791,Netherlands
536403,POST,Orijen Cat & Kitten Food,8,01-12-2010 11:27,15,12791,Netherlands
536404,22297,Dog Belt,12,01-12-2010 11:29,1.25,16218,United Kingdom
536404,22771,Bird Cage,1,01-12-2010 11:29,1.25,16218,United Kingdom
536404,22772,Toya Bird Food,4,01-12-2010 11:29,1.25,16218,United Kingdom
536404,22773,Orijen Cat & Kitten Food,8,01-12-2010 11:29,1.25,16218,United Kingdom
536404,22805,Dog Bed,12,01-12-2010 11:29,1.25,16218,United Kingdom
536404,22469,Cat Belt,9,01-12-2010 11:29,1.65,16218,United Kingdom
536404,22197,Cat Bed,6,01-12-2010 11:29,0.85,16218,United Kingdom
536404,2125,Dog Bed,12,01-12-2010 11:29,1.25,16218,United Kingdom
536404,2126,Toya Bird Food,4,01-12-2010 11:29,1.25,16218,United Kingdom
536404,85049C,Orijen Cat & Kitten Food,8,01-12-2010 11:29,1.25,16218,United Kingdom
536404,85049D,Bird Cage,1,01-12-2010 11:29,1.25,16218,United Kingdom
536404,85049E,Cat Belt,9,01-12-2010 11:29,1.25,16218,United Kingdom
536404,85049G,Xtreme Aquatic Food,8,01-12-2010 11:29,1.25,16218,United Kingdom
536404,21061,Pedigree Meat & Rice,15,01-12-2010 11:29,0.85,16218,United Kingdom
536404,21063,Dog Belt,12,01-12-2010 11:29,0.85,16218,United Kingdom
536404,21062,Dog Bed,12,01-12-2010 11:29,0.85,16218,United Kingdom
536404,84380,Cat Bed,6,01-12-2010 11:29,1.25,16218,United Kingdom
536404,84378,Dog Bed,12,01-12-2010 11:29,1.25,16218,United Kingdom
536404,22964,Fish Tank,2,01-12-2010 11:29,2.1,16218,United Kingdom
536404,21213,Toya Bird Food,4,01-12-2010 11:29,0.55,16218,United Kingdom
536404,22417,Pedigree Meat & Rice,15,01-12-2010 11:29,0.55,16218,United Kingdom
536404,21212,Dog Bed,12,01-12-2010 11:29,0.55,16218,United Kingdom
536404,84992,Cat Belt,9,01-12-2010 11:29,0.55,16218,United Kingdom
536404,21975,Orijen Cat & Kitten Food,8,01-12-2010 11:29,0.55,16218,United Kingdom
536404,22383,Cat Belt,9,01-12-2010 11:29,1.65,16218,United Kingdom
536404,20728,Pedigree Meat & Rice,15,01-12-2010 11:29,1.65,16218,United Kingdom
536404,20727,Purepet Chew Bone,19,01-12-2010 11:29,1.65,16218,United Kingdom
536404,22296,Cat Bed,6,01-12-2010 11:29,1.65,16218,United Kingdom
536405,20914,Fish Tank,2,01-12-2010 11:32,2.55,14045,United Kingdom
536406,85123A,Dog Bed,12,01-12-2010 11:33,2.55,17850,United Kingdom
536406,71053,Purepet Chew Bone,19,01-12-2010 11:33,3.39,17850,United Kingdom
536406,84406B,Orijen Cat & Kitten Food,8,01-12-2010 11:33,2.75,17850,United Kingdom
536406,20679,Cat Bed,6,01-12-2010 11:33,4.95,17850,United Kingdom
536406,37370,Dog Bed,12,01-12-2010 11:33,1.06,17850,United Kingdom
536406,21871,Toya Bird Food,4,01-12-2010 11:33,1.06,17850,United Kingdom
536406,21071,Fish Tank,2,01-12-2010 11:33,1.06,17850,United Kingdom
536406,21068,Purepet Chew Bone,19,01-12-2010 11:33,1.06,17850,United Kingdom
536406,82483,Dog Belt,12,01-12-2010 11:33,4.95,17850,United Kingdom
536406,82486,Cat Belt,9,01-12-2010 11:33,6.95,17850,United Kingdom
536406,82482,Bird Cage,1,01-12-2010 11:33,2.1,17850,United Kingdom
536406,82494L,Fish Tank,2,01-12-2010 11:33,2.55,17850,United Kingdom
536406,84029G,Bird Cage,1,01-12-2010 11:33,3.39,17850,United Kingdom
536406,84029E,Cat Belt,9,01-12-2010 11:33,3.39,17850,United Kingdom
536406,22752,Pedigree Meat & Rice,15,01-12-2010 11:33,7.65,17850,United Kingdom
536406,22803,Orijen Cat & Kitten Food,8,01-12-2010 11:33,35.75,17850,United Kingdom
536406,21730,Dog Bed,12,01-12-2010 11:33,4.25,17850,United Kingdom
536407,22632,Pedigree Meat & Rice,15,01-12-2010 11:34,1.85,17850,United Kingdom
536407,22633,Pedigree Meat & Rice,15,01-12-2010 11:34,1.85,17850,United Kingdom
536408,22537,Cat Bed,6,01-12-2010 11:41,0.42,14307,United Kingdom
536408,22533,Cat Belt,9,01-12-2010 11:41,0.42,14307,United Kingdom
536408,20982,Cat Belt,9,01-12-2010 11:41,0.85,14307,United Kingdom
536408,21832,Pedigree Meat & Rice,15,01-12-2010 11:41,1.65,14307,United Kingdom
536408,21915,Dog Bed,12,01-12-2010 11:41,1.25,14307,United Kingdom
536408,21914,Dog Bed,12,01-12-2010 11:41,1.25,14307,United Kingdom
536408,21544,Dog Belt,12,01-12-2010 11:41,0.85,14307,United Kingdom
536408,22813,Purepet Chew Bone,19,01-12-2010 11:41,1.95,14307,United Kingdom
536408,22114,Pedigree Meat & Rice,15,01-12-2010 11:41,3.95,14307,United Kingdom
536408,84029E,Cat Belt,9,01-12-2010 11:41,3.75,14307,United Kingdom
536408,21479,Dog Belt,12,01-12-2010 11:41,3.75,14307,United Kingdom
536408,22964,Cat Belt,9,01-12-2010 11:41,2.1,14307,United Kingdom
536408,84375,Fish Tank,2,01-12-2010 11:41,2.1,14307,United Kingdom
536408,22418,Cat Belt,9,01-12-2010 11:41,0.85,14307,United Kingdom
536408,22178,Dog Belt,12,01-12-2010 11:41,1.25,14307,United Kingdom
536408,84970L,Dog Bed,12,01-12-2010 11:41,0.95,14307,United Kingdom
536408,21733,Dog Belt,12,01-12-2010 11:41,2.95,14307,United Kingdom
536408,22465,Xtreme Aquatic Food,8,01-12-2010 11:41,1.65,14307,United Kingdom
536408,84949,Pedigree Meat & Rice,15,01-12-2010 11:41,1.65,14307,United Kingdom
536408,20685,Fish Tank,2,01-12-2010 11:41,7.95,14307,United Kingdom
536408,48194,Toya Bird Food,4,01-12-2010 11:41,7.95,14307,United Kingdom
536408,22488,Xtreme Aquatic Food,8,01-12-2010 11:41,1.65,14307,United Kingdom
536408,22219,Dog Bed,12,01-12-2010 11:41,0.85,14307,United Kingdom
536408,84879,Cat Belt,9,01-12-2010 11:41,1.69,14307,United Kingdom
536408,21754,Dog Bed,12,01-12-2010 11:41,5.95,14307,United Kingdom
536408,21755,Bird Cage,1,01-12-2010 11:41,5.95,14307,United Kingdom
536408,22766,Dog Bed,12,01-12-2010 11:41,2.95,14307,United Kingdom
536408,22610,Purepet Chew Bone,19,01-12-2010 11:41,0.85,14307,United Kingdom
536408,22716,Dog Belt,12,01-12-2010 11:41,0.42,14307,United Kingdom
536408,22706,Dog Bed,12,01-12-2010 11:41,0.42,14307,United Kingdom
536408,22371,Bird Cage,1,01-12-2010 11:41,4.25,14307,United Kingdom
536408,85014B,Xtreme Aquatic Food,8,01-12-2010 11:41,5.95,14307,United Kingdom
536408,85014A,Dog Bed,12,01-12-2010 11:41,5.95,14307,United Kingdom
536408,84997B,Cat Belt,9,01-12-2010 11:41,3.75,14307,United Kingdom
536408,21212,Purepet Chew Bone,19,01-12-2010 11:41,0.55,14307,United Kingdom
536408,21210,Orijen Cat & Kitten Food,8,01-12-2010 11:41,1.45,14307,United Kingdom
536408,22914,Dog Belt,12,01-12-2010 11:41,4.95,14307,United Kingdom
536408,22553,Purepet Chew Bone,19,01-12-2010 11:41,1.65,14307,United Kingdom
536408,16237,Cat Bed,6,01-12-2010 11:41,0.21,14307,United Kingdom
536408,22714,Bird Cage,1,01-12-2010 11:41,0.42,14307,United Kingdom
536408,22812,Cat Bed,6,01-12-2010 11:41,1.95,14307,United Kingdom
536408,84347,Pedigree Meat & Rice,15,01-12-2010 11:41,2.55,14307,United Kingdom
536408,21587,Dog Belt,12,01-12-2010 11:41,2.55,14307,United Kingdom
536408,22736,Pedigree Meat & Rice,15,01-12-2010 11:41,1.65,14307,United Kingdom
536408,22492,Xtreme Aquatic Food,8,01-12-2010 11:41,0.65,14307,United Kingdom
536408,22620,Fish Tank,2,01-12-2010 11:41,1.25,14307,United Kingdom
536408,22619,Toya Bird Food,4,01-12-2010 11:41,3.75,14307,United Kingdom
536408,21705,Fish Tank,2,01-12-2010 11:41,1.65,14307,United Kingdom
536409,90199C,Orijen Cat & Kitten Food,8,01-12-2010 11:45,6.35,17908,United Kingdom
536409,21479,Xtreme Aquatic Food,8,01-12-2010 11:45,3.75,17908,United Kingdom
536409,22111,Dog Bed,12,01-12-2010 11:45,4.95,17908,United Kingdom
536409,22785,Fish Tank,2,01-12-2010 11:45,6.75,17908,United Kingdom
536409,22975,Orijen Cat & Kitten Food,8,01-12-2010 11:45,1.25,17908,United Kingdom
536409,22972,Fish Tank,2,01-12-2010 11:45,1.65,17908,United Kingdom
536409,22866,Toya Bird Food,4,01-12-2010 11:45,2.1,17908,United Kingdom
536409,22568,Cat Belt,9,01-12-2010 11:45,3.75,17908,United Kingdom
536409,85116,Fish Tank,2,01-12-2010 11:45,2.1,17908,United Kingdom
536409,22664,Purepet Chew Bone,19,01-12-2010 11:45,2.1,17908,United Kingdom
536409,21609,Dog Bed,12,01-12-2010 11:45,2.95,17908,United Kingdom
536409,21866,Pedigree Meat & Rice,15,01-12-2010 11:45,1.25,17908,United Kingdom
536409,20669,Dog Bed,12,01-12-2010 11:45,1.25,17908,United Kingdom
536409,90129F,Bird Cage,1,01-12-2010 11:45,2.95,17908,United Kingdom
536409,90210B,Cat Belt,9,01-12-2010 11:45,2.95,17908,United Kingdom
536409,90199C,Xtreme Aquatic Food,8,01-12-2010 11:45,6.35,17908,United Kingdom
536409,21955,Orijen Cat & Kitten Food,8,01-12-2010 11:45,7.95,17908,United Kingdom
536409,72802C,Toya Bird Food,4,01-12-2010 11:45,4.25,17908,United Kingdom
536409,22109,Purepet Chew Bone,19,01-12-2010 11:45,3.75,17908,United Kingdom
536409,85116,Dog Bed,12,01-12-2010 11:45,2.1,17908,United Kingdom
536409,22531,Pedigree Meat & Rice,15,01-12-2010 11:45,0.42,17908,United Kingdom
536409,21811,Dog Belt,12,01-12-2010 11:45,1.25,17908,United Kingdom
536409,22183,Fish Tank,2,01-12-2010 11:45,6.75,17908,United Kingdom
536409,21678,Bird Cage,1,01-12-2010 11:45,0.85,17908,United Kingdom
536409,21676,Cat Bed,6,01-12-2010 11:45,0.85,17908,United Kingdom
536409,84625A,Toya Bird Food,4,01-12-2010 11:45,2.95,17908,United Kingdom
536409,84625C,Cat Belt,9,01-12-2010 11:45,2.95,17908,United Kingdom
536409,21931,Xtreme Aquatic Food,8,01-12-2010 11:45,1.95,17908,United Kingdom
536409,85169B,Bird Cage,1,01-12-2010 11:45,1.25,17908,United Kingdom
536409,16238,Fish Tank,2,01-12-2010 11:45,0.21,17908,United Kingdom
536409,20668,Orijen Cat & Kitten Food,8,01-12-2010 11:45,0.12,17908,United Kingdom
536409,84906,Pedigree Meat & Rice,15,01-12-2010 11:45,5.95,17908,United Kingdom
536409,21867,Fish Tank,2,01-12-2010 11:45,1.25,17908,United Kingdom
536409,22075,Cat Bed,6,01-12-2010 11:45,1.65,17908,United Kingdom
536409,21866,Purepet Chew Bone,19,01-12-2010 11:45,1.25,17908,United Kingdom
536409,21326,Dog Belt,12,01-12-2010 11:45,0.65,17908,United Kingdom
536409,21065,Orijen Cat & Kitten Food,8,01-12-2010 11:45,5.95,17908,United Kingdom
536409,22074,Xtreme Aquatic Food,8,01-12-2010 11:45,1.65,17908,United Kingdom
536409,22900,Toya Bird Food,4,01-12-2010 11:45,2.95,17908,United Kingdom
536409,20713,Dog Bed,12,01-12-2010 11:45,1.95,17908,United Kingdom
536409,20966,Pedigree Meat & Rice,15,01-12-2010 11:45,1.25,17908,United Kingdom
536409,21116,Cat Belt,9,01-12-2010 11:45,4.95,17908,United Kingdom
536409,90199C,Cat Belt,9,01-12-2010 11:45,6.35,17908,United Kingdom
536409,22633,Dog Belt,12,01-12-2010 11:45,2.1,17908,United Kingdom
536409,22866,Orijen Cat & Kitten Food,8,01-12-2010 11:45,2.1,17908,United Kingdom
536409,22198,Fish Tank,2,01-12-2010 11:45,1.65,17908,United Kingdom
536409,21824,Xtreme Aquatic Food,8,01-12-2010 11:45,1.45,17908,United Kingdom
536409,21823,Toya Bird Food,4,01-12-2010 11:45,1.45,17908,United Kingdom
536409,22153,Fish Tank,2,01-12-2010 11:45,0.42,17908,United Kingdom
536409,22197,Cat Bed,6,01-12-2010 11:45,0.85,17908,United Kingdom
536409,85099B,Dog Bed,12,01-12-2010 11:45,1.95,17908,United Kingdom
536409,85099F,Purepet Chew Bone,19,01-12-2010 11:45,1.95,17908,United Kingdom
536409,20717,Cat Bed,6,01-12-2010 11:45,1.25,17908,United Kingdom
536409,20723,Bird Cage,1,01-12-2010 11:45,0.85,17908,United Kingdom
536409,22900,Cat Bed,6,01-12-2010 11:45,2.95,17908,United Kingdom
536409,21980,Orijen Cat & Kitten Food,8,01-12-2010 11:45,0.29,17908,United Kingdom
536409,22111,Toya Bird Food,4,01-12-2010 11:45,4.95,17908,United Kingdom
536409,2212,Cat Bed,6,01-12-2010 11:45,4.95,17908,United Kingdom
536412,20728,Fish Tank,2,01-12-2010 11:49,1.65,17920,United Kingdom
536412,22382,Cat Bed,6,01-12-2010 11:49,1.65,17920,United Kingdom
536412,22326,Orijen Cat & Kitten Food,8,01-12-2010 11:49,2.95,17920,United Kingdom
536412,22662,Purepet Chew Bone,19,01-12-2010 11:49,1.65,17920,United Kingdom
536412,22383,Cat Bed,6,01-12-2010 11:49,1.65,17920,United Kingdom
536412,20727,Purepet Chew Bone,19,01-12-2010 11:49,1.65,17920,United Kingdom
536412,22328,Cat Belt,9,01-12-2010 11:49,2.95,17920,United Kingdom
536412,22327,Orijen Cat & Kitten Food,8,01-12-2010 11:49,2.95,17920,United Kingdom
536412,22630,Cat Belt,9,01-12-2010 11:49,1.95,17920,United Kingdom
536412,22629,Pedigree Meat & Rice,15,01-12-2010 11:49,1.95,17920,United Kingdom
536412,21245,Xtreme Aquatic Food,8,01-12-2010 11:49,1.69,17920,United Kingdom
536412,21244,Toya Bird Food,4,01-12-2010 11:49,1.69,17920,United Kingdom
536412,21242,Dog Bed,12,01-12-2010 11:49,1.69,17920,United Kingdom
536412,21243,Fish Tank,2,01-12-2010 11:49,1.69,17920,United Kingdom
536412,22327,Pedigree Meat & Rice,15,01-12-2010 11:49,2.95,17920,United Kingdom
536412,22273,Dog Bed,12,01-12-2010 11:49,2.95,17920,United Kingdom
536412,22940,Cat Bed,6,01-12-2010 11:49,4.25,17920,United Kingdom
536412,22652,Cat Belt,9,01-12-2010 11:49,1.65,17920,United Kingdom
536412,22759,Bird Cage,1,01-12-2010 11:49,1.65,17920,United Kingdom
536412,21880,Pedigree Meat & Rice,15,01-12-2010 11:49,0.65,17920,United Kingdom
536412,21738,Cat Belt,9,01-12-2010 11:49,2.95,17920,United Kingdom
536412,22077,Xtreme Aquatic Food,8,01-12-2010 11:49,1.65,17920,United Kingdom
536412,85049E,Cat Bed,6,01-12-2010 11:49,1.25,17920,United Kingdom
536412,22961,Cat Bed,6,01-12-2010 11:49,1.45,17920,United Kingdom
536412,21448,Fish Tank,2,01-12-2010 11:49,1.65,17920,United Kingdom
536412,22837,Purepet Chew Bone,19,01-12-2010 11:49,4.65,17920,United Kingdom
536412,22749,Toya Bird Food,4,01-12-2010 11:49,3.75,17920,United Kingdom
536412,22940,Toya Bird Food,4,01-12-2010 11:49,4.25,17920,United Kingdom
536412,22749,Fish Tank,2,01-12-2010 11:49,3.75,17920,United Kingdom
536412,22077,Xtreme Aquatic Food,8,01-12-2010 11:49,1.65,17920,United Kingdom
536412,21738,Xtreme Aquatic Food,8,01-12-2010 11:49,2.95,17920,United Kingdom
536412,85049E,Fish Tank,2,01-12-2010 11:49,1.25,17920,United Kingdom
536412,22243,Dog Belt,12,01-12-2010 11:49,1.65,17920,United Kingdom
536412,22141,Pedigree Meat & Rice,15,01-12-2010 11:49,2.1,17920,United Kingdom
536412,22144,Orijen Cat & Kitten Food,8,01-12-2010 11:49,2.1,17920,United Kingdom
536412,22243,Xtreme Aquatic Food,8,01-12-2010 11:49,1.65,17920,United Kingdom
536412,22077,Toya Bird Food,4,01-12-2010 11:49,1.65,17920,United Kingdom
536412,21448,Cat Bed,6,01-12-2010 11:49,1.65,17920,United Kingdom
536412,22759,Purepet Chew Bone,19,01-12-2010 11:49,1.65,17920,United Kingdom
536412,22242,Cat Belt,9,01-12-2010 11:49,1.65,17920,United Kingdom
536412,85049E,Dog Bed,12,01-12-2010 11:49,1.25,17920,United Kingdom
536412,21731,Orijen Cat & Kitten Food,8,01-12-2010 11:49,1.65,17920,United Kingdom
536412,22243,Dog Bed,12,01-12-2010 11:49,1.65,17920,United Kingdom
536412,21739,Bird Cage,1,01-12-2010 11:49,2.95,17920,United Kingdom
536412,21738,Cat Belt,9,01-12-2010 11:49,2.95,17920,United Kingdom
536412,22271,Fish Tank,2,01-12-2010 11:49,2.95,17920,United Kingdom
536412,22273,Xtreme Aquatic Food,8,01-12-2010 11:49,2.95,17920,United Kingdom
536412,22274,Bird Cage,1,01-12-2010 11:49,2.95,17920,United Kingdom
536412,22749,Cat Bed,6,01-12-2010 11:49,3.75,17920,United Kingdom
536412,22751,Cat Belt,9,01-12-2010 11:49,3.75,17920,United Kingdom
536412,21034,Cat Bed,6,01-12-2010 11:49,0.95,17920,United Kingdom
536412,22273,Cat Bed,6,01-12-2010 11:49,2.95,17920,United Kingdom
536412,22568,Cat Bed,6,01-12-2010 11:49,3.75,17920,United Kingdom
536412,22141,Pedigree Meat & Rice,15,01-12-2010 11:49,2.1,17920,United Kingdom
536412,22144,Toya Bird Food,4,01-12-2010 11:49,2.1,17920,United Kingdom
536412,22570,Toya Bird Food,4,01-12-2010 11:49,3.75,17920,United Kingdom
536412,22569,Cat Bed,6,01-12-2010 11:49,3.75,17920,United Kingdom
536412,21448,Dog Belt,12,01-12-2010 11:49,1.65,17920,United Kingdom
536412,22086,Cat Bed,6,01-12-2010 11:49,2.95,17920,United Kingdom
536412,22569,Cat Bed,6,01-12-2010 11:49,3.75,17920,United Kingdom
536412,21448,Orijen Cat & Kitten Food,8,01-12-2010 11:49,1.65,17920,United Kingdom
536412,22968,Purepet Chew Bone,19,01-12-2010 11:49,9.95,17920,United Kingdom
536412,22902,Dog Bed,12,01-12-2010 11:49,2.1,17920,United Kingdom
536412,21448,Dog Belt,12,01-12-2010 11:49,1.65,17920,United Kingdom
536412,22902,Dog Belt,12,01-12-2010 11:49,2.1,17920,United Kingdom
536412,21710,Orijen Cat & Kitten Food,8,01-12-2010 11:49,4.95,17920,United Kingdom
536412,21708,Orijen Cat & Kitten Food,8,01-12-2010 11:49,4.95,17920,United Kingdom
536412,21711,Purepet Chew Bone,19,01-12-2010 11:49,4.95,17920,United Kingdom
536412,22179,Pedigree Meat & Rice,15,01-12-2010 11:49,6.75,17920,United Kingdom
536412,22197,Pedigree Meat & Rice,15,01-12-2010 11:49,0.85,17920,United Kingdom
536412,22900,Dog Belt,12,01-12-2010 11:49,2.95,17920,United Kingdom
536412,21706,Toya Bird Food,4,01-12-2010 11:49,4.95,17920,United Kingdom
536412,22468,Purepet Chew Bone,19,01-12-2010 11:49,6.75,17920,United Kingdom
536412,20725,Purepet Chew Bone,19,01-12-2010 11:49,1.65,17920,United Kingdom
536412,85184C,Dog Belt,12,01-12-2010 11:49,2.95,17920,United Kingdom
536412,21708,Dog Bed,12,01-12-2010 11:49,4.95,17920,United Kingdom
536412,22900,Xtreme Aquatic Food,8,01-12-2010 11:49,2.95,17920,United Kingdom
536412,21706,Dog Bed,12,01-12-2010 11:49,4.95,17920,United Kingdom
536412,22988,Xtreme Aquatic Food,8,01-12-2010 11:49,1.25,17920,United Kingdom
536412,85184C,Purepet Chew Bone,19,01-12-2010 11:49,2.95,17920,United Kingdom
536412,20750,Dog Bed,12,01-12-2010 11:49,7.95,17920,United Kingdom
536414,22139,Toya Bird Food,4,01-12-2010 11:52,0,,United Kingdom
536415,22952,Xtreme Aquatic Food,8,01-12-2010 11:57,0.55,12838,United Kingdom
536415,22910,Toya Bird Food,4,01-12-2010 11:57,2.95,12838,United Kingdom
536415,22739,Purepet Chew Bone,19,01-12-2010 11:57,1.65,12838,United Kingdom
536415,22738,Dog Bed,12,01-12-2010 11:57,1.65,12838,United Kingdom
536415,22736,Purepet Chew Bone,19,01-12-2010 11:57,1.65,12838,United Kingdom
536415,22909,Orijen Cat & Kitten Food,8,01-12-2010 11:57,0.85,12838,United Kingdom
536415,35591T,Xtreme Aquatic Food,8,01-12-2010 11:57,1.25,12838,United Kingdom
536415,22186,Xtreme Aquatic Food,8,01-12-2010 11:57,2.95,12838,United Kingdom
536415,22695,Cat Belt,9,01-12-2010 11:57,1.45,12838,United Kingdom
536415,22470,Purepet Chew Bone,19,01-12-2010 11:57,2.95,12838,United Kingdom
536415,22580,Xtreme Aquatic Food,8,01-12-2010 11:57,5.95,12838,United Kingdom
536415,22469,Cat Belt,9,01-12-2010 11:57,1.65,12838,United Kingdom
536415,22147,Pedigree Meat & Rice,15,01-12-2010 11:57,1.45,12838,United Kingdom
536415,22130,Dog Belt,12,01-12-2010 11:57,0.85,12838,United Kingdom
536415,21791,Dog Belt,12,01-12-2010 11:57,1.25,12838,United Kingdom
536415,22694,Purepet Chew Bone,19,01-12-2010 11:57,2.1,12838,United Kingdom
536415,21790,Xtreme Aquatic Food,8,01-12-2010 11:57,0.85,12838,United Kingdom
536415,22149,Fish Tank,2,01-12-2010 11:57,2.1,12838,United Kingdom
536415,22900,Cat Belt,9,01-12-2010 11:57,2.95,12838,United Kingdom
536415,22961,Xtreme Aquatic Food,8,01-12-2010 11:57,1.45,12838,United Kingdom
536415,22321,Toya Bird Food,4,01-12-2010 11:57,0.85,12838,United Kingdom
536415,22594,Dog Belt,12,01-12-2010 11:57,0.85,12838,United Kingdom
536415,22593,Toya Bird Food,4,01-12-2010 11:57,0.85,12838,United Kingdom
536415,22595,Dog Belt,12,01-12-2010 11:57,0.85,12838,United Kingdom
536415,21986,Dog Bed,12,01-12-2010 11:57,0.29,12838,United Kingdom
536415,22750,Pedigree Meat & Rice,15,01-12-2010 11:57,3.75,12838,United Kingdom
536415,22616,Pedigree Meat & Rice,15,01-12-2010 11:57,0.29,12838,United Kingdom
536415,22775,Xtreme Aquatic Food,8,01-12-2010 11:57,1.25,12838,United Kingdom
536415,22899,Xtreme Aquatic Food,8,01-12-2010 11:57,2.1,12838,United Kingdom
536415,22367,Purepet Chew Bone,19,01-12-2010 11:57,1.95,12838,United Kingdom
536415,22942,Dog Bed,12,01-12-2010 11:57,8.5,12838,United Kingdom
536415,22941,Dog Bed,12,01-12-2010 11:57,8.5,12838,United Kingdom
536415,22086,Pedigree Meat & Rice,15,01-12-2010 11:57,2.95,12838,United Kingdom
536415,22940,Purepet Chew Bone,19,01-12-2010 11:57,4.25,12838,United Kingdom
536415,21212,Orijen Cat & Kitten Food,8,01-12-2010 11:57,0.55,12838,United Kingdom
536415,21976,Cat Belt,9,01-12-2010 11:57,0.55,12838,United Kingdom
536415,22951,Xtreme Aquatic Food,8,01-12-2010 11:57,0.55,12838,United Kingdom
536415,21977,Toya Bird Food,4,01-12-2010 11:57,0.55,12838,United Kingdom
536415,22834,Orijen Cat & Kitten Food,8,01-12-2010 11:57,2.1,12838,United Kingdom
536415,22867,Dog Bed,12,01-12-2010 11:57,2.1,12838,United Kingdom
536415,22865,Bird Cage,1,01-12-2010 11:57,2.1,12838,United Kingdom
536415,22632,Xtreme Aquatic Food,8,01-12-2010 11:57,2.1,12838,United Kingdom
536415,21916,Purepet Chew Bone,19,01-12-2010 11:57,0.42,12838,United Kingdom
536415,22587,Purepet Chew Bone,19,01-12-2010 11:57,0.85,12838,United Kingdom
536415,22566,Toya Bird Food,4,01-12-2010 11:57,0.85,12838,United Kingdom
536415,22565,Dog Bed,12,01-12-2010 11:57,0.85,12838,United Kingdom
536415,22472,Orijen Cat & Kitten Food,8,01-12-2010 11:57,4.95,12838,United Kingdom
536415,22557,Purepet Chew Bone,19,01-12-2010 11:57,1.65,12838,United Kingdom
536415,22551,Bird Cage,1,01-12-2010 11:57,1.65,12838,United Kingdom
536415,22554,Dog Belt,12,01-12-2010 11:57,1.65,12838,United Kingdom
536415,22534,Dog Belt,12,01-12-2010 11:57,0.42,12838,United Kingdom
536415,22531,Dog Bed,12,01-12-2010 11:57,0.42,12838,United Kingdom
536415,22529,Orijen Cat & Kitten Food,8,01-12-2010 11:57,0.42,12838,United Kingdom
536415,22530,Dog Belt,12,01-12-2010 11:57,0.42,12838,United Kingdom
536415,84032B,Bird Cage,1,01-12-2010 11:57,2.95,12838,United Kingdom
536415,22837,Dog Bed,12,01-12-2010 11:57,4.65,12838,United Kingdom
536415,85049H,Pedigree Meat & Rice,15,01-12-2010 11:57,1.25,12838,United Kingdom
536415,22749,Cat Belt,9,01-12-2010 11:57,3.75,12838,United Kingdom
536415,22807,Toya Bird Food,4,01-12-2010 11:57,2.95,12838,United Kingdom
536416,21494,Bird Cage,1,01-12-2010 11:58,1.25,13255,United Kingdom
536416,21915,Orijen Cat & Kitten Food,8,01-12-2010 11:58,1.25,13255,United Kingdom
536416,22938,Dog Bed,12,01-12-2010 11:58,1.95,13255,United Kingdom
536416,22768,Dog Bed,12,01-12-2010 11:58,9.95,13255,United Kingdom
536416,22767,Cat Belt,9,01-12-2010 11:58,9.95,13255,United Kingdom
536416,82494L,Dog Belt,12,01-12-2010 11:58,2.95,13255,United Kingdom
536420,21889,Cat Belt,9,01-12-2010 12:03,1.25,16583,United Kingdom
536420,21892,Xtreme Aquatic Food,8,01-12-2010 12:03,1.25,16583,United Kingdom
536420,21891,Cat Bed,6,01-12-2010 12:03,1.25,16583,United Kingdom
536420,21890,Xtreme Aquatic Food,8,01-12-2010 12:03,2.95,16583,United Kingdom
536420,21718,Cat Bed,6,01-12-2010 12:03,1.25,16583,United Kingdom
536420,21716,Pedigree Meat & Rice,15,01-12-2010 12:03,2.55,16583,United Kingdom
536420,21715,Cat Belt,9,01-12-2010 12:03,2.55,16583,United Kingdom
536420,22113,Cat Bed,6,01-12-2010 12:03,3.75,16583,United Kingdom
536420,22111,Fish Tank,2,01-12-2010 12:03,4.95,16583,United Kingdom
536420,22110,Cat Belt,9,01-12-2010 12:03,2.55,16583,United Kingdom
536420,22358,Fish Tank,2,01-12-2010 12:03,2.95,16583,United Kingdom
536420,22357,Dog Belt,12,01-12-2010 12:03,4.25,16583,United Kingdom
536420,22115,Fish Tank,2,01-12-2010 12:03,2.95,16583,United Kingdom
536420,22969,Pedigree Meat & Rice,15,01-12-2010 12:03,1.45,16583,United Kingdom
536423,22619,Fish Tank,2,01-12-2010 12:08,3.75,18085,United Kingdom
536423,21481,Toya Bird Food,4,01-12-2010 12:08,2.95,18085,United Kingdom
536423,22632,Fish Tank,2,01-12-2010 12:08,2.1,18085,United Kingdom
536423,22837,Toya Bird Food,4,01-12-2010 12:08,4.65,18085,United Kingdom
536423,21479,Fish Tank,2,01-12-2010 12:08,3.75,18085,United Kingdom
536423,21485,Bird Cage,1,01-12-2010 12:08,4.95,18085,United Kingdom
536423,84029E,Orijen Cat & Kitten Food,8,01-12-2010 12:08,3.75,18085,United Kingdom
536423,22111,Cat Bed,6,01-12-2010 12:08,4.95,18085,United Kingdom
536423,22113,Xtreme Aquatic Food,8,01-12-2010 12:08,3.75,18085,United Kingdom
536425,22837,Cat Belt,9,01-12-2010 12:08,4.65,13758,United Kingdom
536425,22585,Dog Belt,12,01-12-2010 12:08,1.25,13758,United Kingdom
536425,79321,Bird Cage,1,01-12-2010 12:08,4.95,13758,United Kingdom
536425,22637,Xtreme Aquatic Food,8,01-12-2010 12:08,2.55,13758,United Kingdom
536425,21556,Dog Belt,12,01-12-2010 12:08,2.55,13758,United Kingdom
536425,22646,Purepet Chew Bone,19,01-12-2010 12:08,1.45,13758,United Kingdom
536425,22644,Xtreme Aquatic Food,8,01-12-2010 12:08,1.45,13758,United Kingdom
536425,22645,Dog Belt,12,01-12-2010 12:08,1.45,13758,United Kingdom
536425,22650,Cat Bed,6,01-12-2010 12:08,1.45,13758,United Kingdom
536425,22508,Cat Belt,9,01-12-2010 12:08,3.75,13758,United Kingdom
536425,21411,Xtreme Aquatic Food,8,01-12-2010 12:08,4.25,13758,United Kingdom
536425,22511,Toya Bird Food,4,01-12-2010 12:08,3.75,13758,United Kingdom
536425,22451,Bird Cage,1,01-12-2010 12:08,3.35,13758,United Kingdom
536425,22449,Bird Cage,1,01-12-2010 12:08,3.35,13758,United Kingdom
536425,22768,Cat Belt,9,01-12-2010 12:08,9.95,13758,United Kingdom
536425,22829,Xtreme Aquatic Food,8,01-12-2010 12:08,9.95,13758,United Kingdom
536425,22961,Dog Bed,12,01-12-2010 12:08,1.45,13758,United Kingdom
536437,21154,Pedigree Meat & Rice,15,01-12-2010 12:12,1.06,13694,United Kingdom
536437,22189,Bird Cage,1,01-12-2010 12:12,3.39,13694,United Kingdom
536437,17021,Pedigree Meat & Rice,15,01-12-2010 12:12,0.24,13694,United Kingdom
536437,22059,Bird Cage,1,01-12-2010 12:12,1.25,13694,United Kingdom
536437,22188,Dog Belt,12,01-12-2010 12:12,3.39,13694,United Kingdom
536437,84678,Purepet Chew Bone,19,01-12-2010 12:12,1.25,13694,United Kingdom
536446,85172,Bird Cage,1,01-12-2010 12:15,0.42,15983,United Kingdom
536446,22142,Purepet Chew Bone,19,01-12-2010 12:15,1.45,15983,United Kingdom
536446,22144,Pedigree Meat & Rice,15,01-12-2010 12:15,2.1,15983,United Kingdom
536446,21591,Fish Tank,2,01-12-2010 12:15,1.25,15983,United Kingdom
536446,22480,Fish Tank,2,01-12-2010 12:15,1.25,15983,United Kingdom
536446,22294,Dog Belt,12,01-12-2010 12:15,1.25,15983,United Kingdom
536446,21156,Fish Tank,2,01-12-2010 12:15,1.95,15983,United Kingdom
536446,10133,Xtreme Aquatic Food,8,01-12-2010 12:15,0.85,15983,United Kingdom
536446,72800E,Cat Bed,6,01-12-2010 12:15,2.55,15983,United Kingdom
536446,22294,Pedigree Meat & Rice,15,01-12-2010 12:15,1.25,15983,United Kingdom
536446,84836,Dog Belt,12,01-12-2010 12:15,1.25,15983,United Kingdom
536446,20774,Cat Belt,9,01-12-2010 12:15,1.65,15983,United Kingdom
536446,20773,Dog Belt,12,01-12-2010 12:15,1.65,15983,United Kingdom
536446,20777,Bird Cage,1,01-12-2010 12:15,1.65,15983,United Kingdom
536446,16016,Cat Bed,6,01-12-2010 12:15,0.85,15983,United Kingdom
536446,16014,Pedigree Meat & Rice,15,01-12-2010 12:15,0.42,15983,United Kingdom
536446,21890,Pedigree Meat & Rice,15,01-12-2010 12:15,2.95,15983,United Kingdom
536446,21891,Pedigree Meat & Rice,15,01-12-2010 12:15,1.25,15983,United Kingdom
536446,22619,Dog Belt,12,01-12-2010 12:15,3.75,15983,United Kingdom
536446,22620,Bird Cage,1,01-12-2010 12:15,1.25,15983,United Kingdom
536446,84347,Cat Bed,6,01-12-2010 12:15,2.55,15983,United Kingdom
536446,85169B,Orijen Cat & Kitten Food,8,01-12-2010 12:15,1.25,15983,United Kingdom
536446,21156,Orijen Cat & Kitten Food,8,01-12-2010 12:15,1.95,15983,United Kingdom
536446,21651,Pedigree Meat & Rice,15,01-12-2010 12:15,1.65,15983,United Kingdom
536446,21651,Dog Belt,12,01-12-2010 12:15,1.65,15983,United Kingdom
536446,84625C,Orijen Cat & Kitten Food,8,01-12-2010 12:15,2.95,15983,United Kingdom
536446,22618,Cat Bed,6,01-12-2010 12:15,9.95,15983,United Kingdom
536446,21586,Cat Belt,9,01-12-2010 12:15,2.55,15983,United Kingdom
536446,21587,Purepet Chew Bone,19,01-12-2010 12:15,2.55,15983,United Kingdom
536446,22152,Orijen Cat & Kitten Food,8,01-12-2010 12:15,0.42,15983,United Kingdom
536446,85172,Pedigree Meat & Rice,15,01-12-2010 12:15,0.42,15983,United Kingdom
536446,84754,Bird Cage,1,01-12-2010 12:15,1.25,15983,United Kingdom
536460,22670,Bird Cage,1,01-12-2010 12:22,1.25,14849,United Kingdom
536460,21586,Purepet Chew Bone,19,01-12-2010 12:22,2.55,14849,United Kingdom
536460,84992,Orijen Cat & Kitten Food,8,01-12-2010 12:22,0.55,14849,United Kingdom
536460,84879,Dog Bed,12,01-12-2010 12:22,1.69,14849,United Kingdom
536460,84849B,Toya Bird Food,4,01-12-2010 12:22,1.69,14849,United Kingdom
536460,22927,Xtreme Aquatic Food,8,01-12-2010 12:22,5.95,14849,United Kingdom
536460,22926,Dog Bed,12,01-12-2010 12:22,5.95,14849,United Kingdom
536460,22925,Dog Belt,12,01-12-2010 12:22,5.95,14849,United Kingdom
536460,21977,Dog Bed,12,01-12-2010 12:22,0.55,14849,United Kingdom
536460,21485,Toya Bird Food,4,01-12-2010 12:22,4.95,14849,United Kingdom
536460,21484,Dog Bed,12,01-12-2010 12:22,3.45,14849,United Kingdom
536460,21259,Cat Bed,6,01-12-2010 12:22,5.95,14849,United Kingdom
536460,21257,Cat Belt,9,01-12-2010 12:22,7.95,14849,United Kingdom
536460,2121,Xtreme Aquatic Food,8,01-12-2010 12:22,1.25,14849,United Kingdom
536463,82552,Cat Belt,9,01-12-2010 12:22,1.45,14849,United Kingdom
536464,90200B,Dog Bed,12,01-12-2010 12:23,4.25,17968,United Kingdom
536464,90059B,Cat Bed,6,01-12-2010 12:23,1.65,17968,United Kingdom
536464,90185C,Pedigree Meat & Rice,15,01-12-2010 12:23,4.25,17968,United Kingdom
536464,90059E,Dog Bed,12,01-12-2010 12:23,1.65,17968,United Kingdom
536464,90059C,Xtreme Aquatic Food,8,01-12-2010 12:23,1.65,17968,United Kingdom
536464,90200C,Orijen Cat & Kitten Food,8,01-12-2010 12:23,4.25,17968,United Kingdom
536464,90200D,Fish Tank,2,01-12-2010 12:23,4.25,17968,United Kingdom
536464,90200A,Dog Bed,12,01-12-2010 12:23,4.25,17968,United Kingdom
536464,22386,Cat Belt,9,01-12-2010 12:23,1.95,17968,United Kingdom
536464,85099B,Cat Belt,9,01-12-2010 12:23,1.95,17968,United Kingdom
536464,84879,Dog Bed,12,01-12-2010 12:23,1.69,17968,United Kingdom
536464,22086,Cat Belt,9,01-12-2010 12:23,2.95,17968,United Kingdom
536464,22737,Pedigree Meat & Rice,15,01-12-2010 12:23,1.65,17968,United Kingdom
536464,21260,Bird Cage,1,01-12-2010 12:23,3.25,17968,United Kingdom
536464,22744,Cat Belt,9,01-12-2010 12:23,2.95,17968,United Kingdom
536464,21985,Bird Cage,1,01-12-2010 12:23,0.29,17968,United Kingdom
536464,21980,Dog Belt,12,01-12-2010 12:23,0.29,17968,United Kingdom
536464,22988,Dog Belt,12,01-12-2010 12:23,1.25,17968,United Kingdom
536464,22297,Pedigree Meat & Rice,15,01-12-2010 12:23,1.25,17968,United Kingdom
536464,22294,Toya Bird Food,4,01-12-2010 12:23,1.25,17968,United Kingdom
536464,22295,Fish Tank,2,01-12-2010 12:23,1.65,17968,United Kingdom
536464,22813,Xtreme Aquatic Food,8,01-12-2010 12:23,1.95,17968,United Kingdom
536464,22812,Dog Belt,12,01-12-2010 12:23,1.95,17968,United Kingdom
536464,22197,Xtreme Aquatic Food,8,01-12-2010 12:23,0.85,17968,United Kingdom
536464,21977,Orijen Cat & Kitten Food,8,01-12-2010 12:23,0.55,17968,United Kingdom
536464,22619,Bird Cage,1,01-12-2010 12:23,3.75,17968,United Kingdom
536464,16258A,Bird Cage,1,01-12-2010 12:23,0.42,17968,United Kingdom
536464,21992,Cat Belt,9,01-12-2010 12:23,2.95,17968,United Kingdom
536464,22910,Pedigree Meat & Rice,15,01-12-2010 12:23,2.95,17968,United Kingdom
536464,2124,Pedigree Meat & Rice,15,01-12-2010 12:23,1.25,17968,United Kingdom
536464,22735,Purepet Chew Bone,19,01-12-2010 12:23,1.65,17968,United Kingdom
536464,22952,Fish Tank,2,01-12-2010 12:23,0.55,17968,United Kingdom
536464,22945,Toya Bird Food,4,01-12-2010 12:23,0.85,17968,United Kingdom
536464,21816,Xtreme Aquatic Food,8,01-12-2010 12:23,1.45,17968,United Kingdom
536464,21815,Bird Cage,1,01-12-2010 12:23,1.45,17968,United Kingdom
536464,21814,Fish Tank,2,01-12-2010 12:23,1.45,17968,United Kingdom
536464,10125,Bird Cage,1,01-12-2010 12:23,0.85,17968,United Kingdom
536464,22810,Fish Tank,2,01-12-2010 12:23,2.95,17968,United Kingdom
536464,22573,Cat Bed,6,01-12-2010 12:23,0.85,17968,United Kingdom
536464,22577,Purepet Chew Bone,19,01-12-2010 12:23,0.85,17968,United Kingdom
536464,22603,Cat Belt,9,01-12-2010 12:23,0.85,17968,United Kingdom
536464,22809,Dog Bed,12,01-12-2010 12:23,2.95,17968,United Kingdom
536464,20878,Cat Bed,6,01-12-2010 12:23,1.25,17968,United Kingdom
536464,20866,Cat Belt,9,01-12-2010 12:23,1.25,17968,United Kingdom
536464,85095,Bird Cage,1,01-12-2010 12:23,1.95,17968,United Kingdom
536464,22333,Dog Bed,12,01-12-2010 12:23,1.65,17968,United Kingdom
536464,22557,Cat Belt,9,01-12-2010 12:23,1.65,17968,United Kingdom
536464,21584,Dog Belt,12,01-12-2010 12:23,1.65,17968,United Kingdom
536464,22866,Cat Bed,6,01-12-2010 12:23,2.1,17968,United Kingdom
536464,22731,Toya Bird Food,4,01-12-2010 12:23,1.25,17968,United Kingdom
536464,22866,Dog Bed,12,01-12-2010 12:23,2.1,17968,United Kingdom
536464,22866,Dog Bed,12,01-12-2010 12:23,2.1,17968,United Kingdom
536464,22558,Orijen Cat & Kitten Food,8,01-12-2010 12:23,1.49,17968,United Kingdom
536464,22956,Bird Cage,1,01-12-2010 12:23,2.1,17968,United Kingdom
536464,22945,Cat Bed,6,01-12-2010 12:23,0.85,17968,United Kingdom
536464,22582,Pedigree Meat & Rice,15,01-12-2010 12:23,2.55,17968,United Kingdom
536464,21212,Dog Belt,12,01-12-2010 12:23,0.55,17968,United Kingdom
536464,21212,Dog Belt,12,01-12-2010 12:23,0.55,17968,United Kingdom
536464,22585,Toya Bird Food,4,01-12-2010 12:23,1.25,17968,United Kingdom
536464,2121,Purepet Chew Bone,19,01-12-2010 12:23,1.25,17968,United Kingdom
536464,2122,Orijen Cat & Kitten Food,8,01-12-2010 12:23,1.25,17968,United Kingdom
536464,22759,Dog Belt,12,01-12-2010 12:23,1.65,17968,United Kingdom
536464,21815,Cat Bed,6,01-12-2010 12:23,1.45,17968,United Kingdom
536464,85231B,Dog Bed,12,01-12-2010 12:23,0.85,17968,United Kingdom
536464,85231G,Cat Belt,9,01-12-2010 12:23,0.85,17968,United Kingdom
536464,22082,Orijen Cat & Kitten Food,8,01-12-2010 12:23,1.65,17968,United Kingdom
536464,22500,Xtreme Aquatic Food,8,01-12-2010 12:23,4.95,17968,United Kingdom
536464,22742,Orijen Cat & Kitten Food,8,01-12-2010 12:23,2.95,17968,United Kingdom
536464,21329,Dog Belt,12,01-12-2010 12:23,1.65,17968,United Kingdom
536464,21328,Fish Tank,2,01-12-2010 12:23,1.65,17968,United Kingdom
536464,21327,Orijen Cat & Kitten Food,8,01-12-2010 12:23,1.65,17968,United Kingdom
536464,21992,Toya Bird Food,4,01-12-2010 12:23,2.95,17968,United Kingdom
536464,21738,Cat Belt,9,01-12-2010 12:23,2.95,17968,United Kingdom
536464,48173C,Bird Cage,1,01-12-2010 12:23,7.95,17968,United Kingdom
536464,85099C,Orijen Cat & Kitten Food,8,01-12-2010 12:23,1.95,17968,United Kingdom
536464,22960,Toya Bird Food,4,01-12-2010 12:23,4.25,17968,United Kingdom
536464,85231G,Dog Bed,12,01-12-2010 12:23,0.85,17968,United Kingdom
536464,85231B,Cat Bed,6,01-12-2010 12:23,0.85,17968,United Kingdom
536464,22866,Toya Bird Food,4,01-12-2010 12:23,2.1,17968,United Kingdom
536464,72818,Toya Bird Food,4,01-12-2010 12:23,0.85,17968,United Kingdom
536464,21814,Xtreme Aquatic Food,8,01-12-2010 12:23,1.45,17968,United Kingdom
536464,22441,Orijen Cat & Kitten Food,8,01-12-2010 12:23,2.1,17968,United Kingdom
536464,22312,Purepet Chew Bone,19,01-12-2010 12:23,2.95,17968,United Kingdom
536464,22197,Cat Bed,6,01-12-2010 12:23,0.85,17968,United Kingdom
536464,22663,Fish Tank,2,01-12-2010 12:23,1.95,17968,United Kingdom
536466,22960,Dog Belt,12,01-12-2010 12:23,4.25,14849,United Kingdom
536466,22961,Dog Belt,12,01-12-2010 12:23,1.45,14849,United Kingdom
536477,21314,Pedigree Meat & Rice,15,01-12-2010 12:27,1.85,16210,United Kingdom
536477,84029E,Toya Bird Food,4,01-12-2010 12:27,3.39,16210,United Kingdom
536477,21137,Bird Cage,1,01-12-2010 12:27,3.39,16210,United Kingdom
536477,22041,Pedigree Meat & Rice,15,01-12-2010 12:27,2.1,16210,United Kingdom
536477,20979,Xtreme Aquatic Food,8,01-12-2010 12:27,1.25,16210,United Kingdom
536477,20977,Cat Bed,6,01-12-2010 12:27,1.25,16210,United Kingdom
536477,22619,Orijen Cat & Kitten Food,8,01-12-2010 12:27,3.75,16210,United Kingdom
536477,22571,Toya Bird Food,4,01-12-2010 12:27,0.72,16210,United Kingdom
536477,22595,Orijen Cat & Kitten Food,8,01-12-2010 12:27,0.72,16210,United Kingdom
536477,22593,Orijen Cat & Kitten Food,8,01-12-2010 12:27,0.72,16210,United Kingdom
536477,22633,Xtreme Aquatic Food,8,01-12-2010 12:27,2.1,16210,United Kingdom
536477,22632,Pedigree Meat & Rice,15,01-12-2010 12:27,2.1,16210,United Kingdom
536477,22423,Pedigree Meat & Rice,15,01-12-2010 12:27,10.95,16210,United Kingdom
536477,22411,Cat Bed,6,01-12-2010 12:27,1.95,16210,United Kingdom
536488,22738,Orijen Cat & Kitten Food,8,01-12-2010 12:31,1.65,17897,United Kingdom
536488,21621,Dog Belt,12,01-12-2010 12:31,8.5,17897,United Kingdom
536488,22960,Purepet Chew Bone,19,01-12-2010 12:31,4.25,17897,United Kingdom
536488,22082,Purepet Chew Bone,19,01-12-2010 12:31,1.65,17897,United Kingdom
536488,47563A,Purepet Chew Bone,19,01-12-2010 12:31,3.75,17897,United Kingdom
536488,84558A,Orijen Cat & Kitten Food,8,01-12-2010 12:31,2.95,17897,United Kingdom
536488,21592,Dog Bed,12,01-12-2010 12:31,1.25,17897,United Kingdom
536488,20878,Cat Bed,6,01-12-2010 12:31,1.25,17897,United Kingdom
536488,84347,Pedigree Meat & Rice,15,01-12-2010 12:31,2.55,17897,United Kingdom
536488,84347,Bird Cage,1,01-12-2010 12:31,2.55,17897,United Kingdom
536488,21577,Purepet Chew Bone,19,01-12-2010 12:31,2.25,17897,United Kingdom
536488,22909,Dog Belt,12,01-12-2010 12:31,0.85,17897,United Kingdom
536488,22087,Orijen Cat & Kitten Food,8,01-12-2010 12:31,2.95,17897,United Kingdom
536488,22651,Toya Bird Food,4,01-12-2010 12:31,0.85,17897,United Kingdom
536488,22713,Pedigree Meat & Rice,15,01-12-2010 12:31,0.42,17897,United Kingdom
536488,22910,Xtreme Aquatic Food,8,01-12-2010 12:31,2.95,17897,United Kingdom
536488,21370,Fish Tank,2,01-12-2010 12:31,6.35,17897,United Kingdom
536488,21367,Bird Cage,1,01-12-2010 12:31,2.55,17897,United Kingdom
536488,22376,Pedigree Meat & Rice,15,01-12-2010 12:31,4.25,17897,United Kingdom
536488,22961,Cat Bed,6,01-12-2010 12:31,1.45,17897,United Kingdom
536488,21895,Dog Belt,12,01-12-2010 12:31,4.25,17897,United Kingdom
536488,22468,Toya Bird Food,4,01-12-2010 12:31,6.75,17897,United Kingdom
536488,21034,Fish Tank,2,01-12-2010 12:31,0.95,17897,United Kingdom
536488,22372,Cat Bed,6,01-12-2010 12:31,4.25,17897,United Kingdom
536488,22867,Pedigree Meat & Rice,15,01-12-2010 12:31,2.1,17897,United Kingdom
536488,22144,Toya Bird Food,4,01-12-2010 12:31,2.1,17897,United Kingdom
536488,21190,Pedigree Meat & Rice,15,01-12-2010 12:31,1.65,17897,United Kingdom
536488,21894,Dog Belt,12,01-12-2010 12:31,1.25,17897,United Kingdom
536488,70007,Xtreme Aquatic Food,8,01-12-2010 12:31,1.65,17897,United Kingdom
536488,22940,Cat Bed,6,01-12-2010 12:31,4.25,17897,United Kingdom
536488,70007,Toya Bird Food,4,01-12-2010 12:31,1.65,17897,United Kingdom
536488,84347,Orijen Cat & Kitten Food,8,01-12-2010 12:31,2.55,17897,United Kingdom
536488,22150,Pedigree Meat & Rice,15,01-12-2010 12:31,1.95,17897,United Kingdom
536488,22149,Cat Bed,6,01-12-2010 12:31,2.1,17897,United Kingdom
536488,22144,Cat Bed,6,01-12-2010 12:31,2.1,17897,United Kingdom
536500,21622,Cat Belt,9,01-12-2010 12:35,4.95,17377,United Kingdom
536500,46000M,Cat Belt,9,01-12-2010 12:35,1.55,17377,United Kingdom
536500,22630,Purepet Chew Bone,19,01-12-2010 12:35,1.95,17377,United Kingdom
536500,22616,Fish Tank,2,01-12-2010 12:35,0.29,17377,United Kingdom
536500,22712,Cat Belt,9,01-12-2010 12:35,0.42,17377,United Kingdom
536500,22983,Cat Belt,9,01-12-2010 12:35,0.42,17377,United Kingdom
536500,22024,Orijen Cat & Kitten Food,8,01-12-2010 12:35,0.42,17377,United Kingdom
536500,22113,Bird Cage,1,01-12-2010 12:35,3.75,17377,United Kingdom
536500,84029E,Dog Belt,12,01-12-2010 12:35,3.75,17377,United Kingdom
536500,21488,Cat Belt,9,01-12-2010 12:35,3.95,17377,United Kingdom
536500,22900,Purepet Chew Bone,19,01-12-2010 12:35,2.95,17377,United Kingdom
536500,22895,Orijen Cat & Kitten Food,8,01-12-2010 12:35,2.95,17377,United Kingdom
536500,21035,Dog Belt,12,01-12-2010 12:35,2.95,17377,United Kingdom
536500,21755,Toya Bird Food,4,01-12-2010 12:35,5.95,17377,United Kingdom
536500,21754,Orijen Cat & Kitten Food,8,01-12-2010 12:35,5.95,17377,United Kingdom
536502,84879,Cat Belt,9,01-12-2010 12:36,1.69,16552,United Kingdom
536502,22784,Xtreme Aquatic Food,8,01-12-2010 12:36,4.95,16552,United Kingdom
536502,21441,Bird Cage,1,01-12-2010 12:36,0.85,16552,United Kingdom
536502,85123A,Bird Cage,1,01-12-2010 12:36,2.95,16552,United Kingdom
536502,22423,Fish Tank,2,01-12-2010 12:36,12.75,16552,United Kingdom
536508,84947,Pedigree Meat & Rice,15,01-12-2010 12:38,1.06,17181,United Kingdom
536508,21326,Bird Cage,1,01-12-2010 12:38,0.55,17181,United Kingdom
C536506,22960,Pedigree Meat & Rice,15,01-12-2010 12:38,4.25,17897,United Kingdom
536514,22865,Orijen Cat & Kitten Food,8,01-12-2010 12:40,2.1,17951,United Kingdom
536514,22485,Pedigree Meat & Rice,15,01-12-2010 12:40,12.75,17951,United Kingdom
536514,22807,Toya Bird Food,4,01-12-2010 12:40,2.95,17951,United Kingdom
536514,22633,Toya Bird Food,4,01-12-2010 12:40,2.1,17951,United Kingdom
536514,22866,Cat Belt,9,01-12-2010 12:40,2.1,17951,United Kingdom
536520,21794,Bird Cage,1,01-12-2010 12:43,6.75,14729,United Kingdom
536520,20707,Fish Tank,2,01-12-2010 12:43,1.25,14729,United Kingdom
536520,21175,Dog Belt,12,01-12-2010 12:43,2.1,14729,United Kingdom
536520,22926,Dog Belt,12,01-12-2010 12:43,5.95,14729,United Kingdom
536520,22588,Cat Belt,9,01-12-2010 12:43,2.55,14729,United Kingdom
536520,21292,Xtreme Aquatic Food,8,01-12-2010 12:43,0.85,14729,United Kingdom
536520,21890,Orijen Cat & Kitten Food,8,01-12-2010 12:43,2.95,14729,United Kingdom
536520,22632,Cat Belt,9,01-12-2010 12:43,2.1,14729,United Kingdom
536520,22633,Cat Belt,9,01-12-2010 12:43,2.1,14729,United Kingdom
536520,22670,Purepet Chew Bone,19,01-12-2010 12:43,1.25,14729,United Kingdom
536520,21867,Xtreme Aquatic Food,8,01-12-2010 12:43,1.25,14729,United Kingdom
536520,22760,Toya Bird Food,4,01-12-2010 12:43,12.75,14729,United Kingdom
536520,22107,Fish Tank,2,01-12-2010 12:43,3.75,14729,United Kingdom
536520,22470,Fish Tank,2,01-12-2010 12:43,2.95,14729,United Kingdom
536520,21486,Dog Bed,12,01-12-2010 12:43,3.75,14729,United Kingdom
536520,22151,Pedigree Meat & Rice,15,01-12-2010 12:43,0.42,14729,United Kingdom
536520,22643,Cat Belt,9,01-12-2010 12:43,2.55,14729,United Kingdom
536520,22642,Pedigree Meat & Rice,15,01-12-2010 12:43,2.55,14729,United Kingdom
536520,22604,Xtreme Aquatic Food,8,01-12-2010 12:43,2.55,14729,United Kingdom
536520,22099,Pedigree Meat & Rice,15,01-12-2010 12:43,1.25,14729,United Kingdom
536520,22553,Purepet Chew Bone,19,01-12-2010 12:43,1.65,14729,United Kingdom
536520,22551,Pedigree Meat & Rice,15,01-12-2010 12:43,1.65,14729,United Kingdom
536520,22653,Xtreme Aquatic Food,8,01-12-2010 12:43,1.95,14729,United Kingdom
536520,22557,Toya Bird Food,4,01-12-2010 12:43,1.65,14729,United Kingdom
536520,22906,Bird Cage,1,01-12-2010 12:43,1.65,14729,United Kingdom
536520,22754,Toya Bird Food,4,01-12-2010 12:43,0.85,14729,United Kingdom
536520,22938,Cat Bed,6,01-12-2010 12:43,1.95,14729,United Kingdom
536520,22812,Dog Belt,12,01-12-2010 12:43,1.95,14729,United Kingdom
536520,22919,Dog Bed,12,01-12-2010 12:43,0.65,14729,United Kingdom
536520,22917,Xtreme Aquatic Food,8,01-12-2010 12:43,0.65,14729,United Kingdom
536520,22920,Pedigree Meat & Rice,15,01-12-2010 12:43,0.65,14729,United Kingdom
536520,22921,Pedigree Meat & Rice,15,01-12-2010 12:43,0.65,14729,United Kingdom
536520,22918,Toya Bird Food,4,01-12-2010 12:43,0.65,14729,United Kingdom
536520,22916,Orijen Cat & Kitten Food,8,01-12-2010 12:43,0.65,14729,United Kingdom
536520,85123A,Orijen Cat & Kitten Food,8,01-12-2010 12:43,2.95,14729,United Kingdom
536520,22575,Fish Tank,2,01-12-2010 12:43,1.95,14729,United Kingdom
536520,21804,Bird Cage,1,01-12-2010 12:43,3.75,14729,United Kingdom
536520,21584,Pedigree Meat & Rice,15,01-12-2010 12:43,1.65,14729,United Kingdom
536520,21588,Dog Belt,12,01-12-2010 12:43,2.55,14729,United Kingdom
536520,22152,Purepet Chew Bone,19,01-12-2010 12:43,0.42,14729,United Kingdom
536520,22441,Orijen Cat & Kitten Food,8,01-12-2010 12:43,2.1,14729,United Kingdom
536520,22955,Purepet Chew Bone,19,01-12-2010 12:43,2.1,14729,United Kingdom
536520,22956,Xtreme Aquatic Food,8,01-12-2010 12:43,2.1,14729,United Kingdom
536520,22582,Cat Bed,6,01-12-2010 12:43,2.55,14729,United Kingdom
536520,22583,Cat Belt,9,01-12-2010 12:43,2.55,14729,United Kingdom
536520,22241,Toya Bird Food,4,01-12-2010 12:43,1.25,14729,United Kingdom
536520,22904,Orijen Cat & Kitten Food,8,01-12-2010 12:43,2.95,14729,United Kingdom
536520,22905,Dog Bed,12,01-12-2010 12:43,2.95,14729,United Kingdom
536520,22197,Orijen Cat & Kitten Food,8,01-12-2010 12:43,0.85,14729,United Kingdom
536520,22092,Fish Tank,2,01-12-2010 12:43,1.25,14729,United Kingdom
536520,22469,Pedigree Meat & Rice,15,01-12-2010 12:43,1.65,14729,United Kingdom
536520,22100,Fish Tank,2,01-12-2010 12:43,1.25,14729,United Kingdom
536520,22096,Orijen Cat & Kitten Food,8,01-12-2010 12:43,1.25,14729,United Kingdom
536520,22583,Purepet Chew Bone,19,01-12-2010 12:43,2.55,14729,United Kingdom
536520,21358,Fish Tank,2,01-12-2010 12:43,1.25,14729,United Kingdom
